Temporada,Date,ADV,Resultado,MIN,FG,FG%,3PT,3P%,FT,FT%,REB,V,BLK,STL,PF,TO,PTS,Estat. Temporada Regular
2016,Qui 14/4,emPOR,D107-99,35.0,7-10,70.0,1-2,50.0,3-3,100.0,13.0,5.0,0.0,0.0,3.0,2.0,18.0,
2016,Dom 10/4,xUTAH,D100-84,36.0,7-9,77.8,0-2,0.0,5-6,83.3,11.0,4.0,1.0,2.0,4.0,1.0,19.0,
2016,Sáb 9/4,xSA,V102-98,32.0,3-9,33.3,0-2,0.0,2-2,100.0,15.0,4.0,1.0,1.0,2.0,0.0,8.0,
2016,Qua 6/4,xOKC,D124-102,19.0,3-5,60.0,1-3,33.3,0-0,0.0,2.0,2.0,2.0,0.0,2.0,0.0,7.0,
2016,Dom 3/4,xSAC,D115-106,32.0,2-6,33.3,0-1,0.0,2-2,100.0,13.0,5.0,2.0,1.0,2.0,0.0,6.0,
2016,april,april,april,30.8,4.4-7.8,56.4,0.4-2.0,20.0,2.4-2.6,92.3,10.8,4.0,1.2,0.8,2.6,0.6,11.6,
2016,Sex 1/4,emNO,D101-95,23.0,4-7,57.1,1-3,33.3,0-0,0.0,8.0,3.0,1.0,1.0,1.0,1.0,9.0,
2016,Qui 31/3,emMEM,V109-105,29.0,4-6,66.7,1-1,100.0,0-0,0.0,14.0,1.0,1.0,0.0,5.0,1.0,9.0,
2016,Ter 29/3,xDAL,D97-88,24.0,1-7,14.3,0-2,0.0,0-0,0.0,8.0,2.0,0.0,2.0,2.0,3.0,2.0,
2016,Dom 27/3,emLAC,D105-90,21.0,2-7,28.6,0-1,0.0,1-2,50.0,9.0,2.0,0.0,1.0,1.0,0.0,5.0,
2016,Sáb 26/3,emLAL,V116-105,22.0,4-9,44.4,0-2,0.0,0-0,0.0,12.0,4.0,0.0,0.0,3.0,1.0,8.0,
2016,Qui 24/3,xPHI,V104-103,27.0,5-6,83.3,0-0,0.0,8-12,66.7,8.0,5.0,0.0,1.0,1.0,1.0,18.0,
2016,Seg 21/3,emCLE,D124-91,23.0,4-12,33.3,0-1,0.0,3-3,100.0,4.0,3.0,0.0,3.0,2.0,2.0,11.0,
2016,Sáb 19/3,emCHA,V101-93,25.0,5-16,31.3,1-2,50.0,0-0,0.0,14.0,4.0,1.0,0.0,6.0,1.0,11.0,
2016,Sex 18/3,emATL,D116-98,22.0,4-7,57.1,0-1,0.0,0-0,0.0,5.0,2.0,1.0,1.0,2.0,1.0,8.0,
2016,Ter 15/3,emORL,D116-110,25.0,5-8,62.5,1-1,100.0,3-3,100.0,6.0,4.0,1.0,1.0,3.0,2.0,14.0,
2016,Seg 14/3,emMIA,D124-119,28.0,5-10,50.0,1-2,50.0,1-2,50.0,8.0,4.0,1.0,2.0,2.0,1.0,12.0,
2016,Dom 13/3,xWSH,V116-100,17.0,0-0,0.0,0-0,0.0,0-0,0.0,5.0,3.0,0.0,0.0,4.0,2.0,0.0,
2016,Sex 11/3,xPHX,V116-98,27.0,6-8,75.0,1-2,50.0,5-5,100.0,10.0,4.0,3.0,2.0,4.0,0.0,18.0,
2016,Qua 9/3,xNY,V110-94,34.0,9-20,45.0,0-1,0.0,2-4,50.0,9.0,3.0,1.0,1.0,0.0,1.0,20.0,
2016,Dom 6/3,xDAL,V116-114 TE,21.0,4-11,36.4,0-2,0.0,5-5,100.0,12.0,3.0,1.0,2.0,4.0,3.0,13.0,
2016,Sáb 5/3,xBKN,D121-120 TE,34.0,6-14,42.9,0-2,0.0,3-3,100.0,12.0,4.0,1.0,1.0,5.0,2.0,15.0,
2016,Qui 3/3,xLAL,V117-107,28.0,3-8,37.5,1-2,50.0,7-8,87.5,6.0,3.0,2.0,0.0,5.0,1.0,14.0,
2016,march,march,march,25.2,4.2-9.2,45.5,0.4-1.5,28.0,2.2-2.8,80.9,8.8,3.2,0.8,1.1,2.9,1.4,11.0,
2016,Ter 1/3,xMEM,D103-96,19.0,3-4,75.0,0-0,0.0,4-4,100.0,6.0,3.0,1.0,1.0,2.0,3.0,10.0,
2016,Sáb 27/2,emDAL,D122-116 TE,11.0,2-4,50.0,0-0,0.0,1-2,50.0,4.0,2.0,0.0,0.0,3.0,1.0,5.0,
2016,Qui 25/2,emLAC,V87-81,26.0,3-9,33.3,1-4,25.0,0-0,0.0,11.0,3.0,1.0,1.0,2.0,3.0,7.0,
2016,Qua 24/2,xSAC,D114-110,20.0,4-8,50.0,1-2,50.0,4-4,100.0,13.0,6.0,0.0,2.0,5.0,2.0,13.0,
2016,Dom 21/2,xBOS,D121-101,30.0,10-15,66.7,1-2,50.0,2-2,100.0,13.0,4.0,0.0,2.0,4.0,4.0,23.0,
2016,Sáb 20/2,emSAC,D116-110,4.0,0-0,0.0,0-0,0.0,0-0,0.0,1.0,0.0,0.0,0.0,4.0,1.0,0.0,
2016,Qui 11/2,emDET,V103-92,25.0,2-7,28.6,0-1,0.0,1-1,100.0,6.0,2.0,0.0,1.0,0.0,1.0,5.0,
2016,Ter 9/2,emBKN,D105-104,14.0,1-5,20.0,0-1,0.0,0-0,0.0,3.0,0.0,0.0,1.0,2.0,1.0,2.0,
2016,Dom 7/2,emNY,V101-96,19.0,4-9,44.4,1-1,100.0,4-4,100.0,6.0,0.0,0.0,1.0,3.0,1.0,13.0,
2016,Sáb 6/2,xCHI,V115-110,26.0,6-14,42.9,2-2,100.0,2-2,100.0,12.0,3.0,2.0,0.0,6.0,1.0,16.0,
2016,Qui 4/2,emUTAH,D85-81,29.0,3-9,33.3,1-2,50.0,1-2,50.0,6.0,4.0,0.0,2.0,5.0,0.0,8.0,
2016,Ter 2/2,xTOR,V112-93,30.0,12-18,66.7,1-3,33.3,2-4,50.0,14.0,4.0,1.0,0.0,3.0,2.0,27.0,
2016,february,february,february,21.0,4.2-8.5,49.0,0.7-1.5,44.4,1.8-2.1,84.0,7.9,2.6,0.4,0.9,3.3,1.7,10.8,
2016,Dom 31/1,emIND,D109-105 TE,35.0,7-15,46.7,1-2,50.0,1-1,100.0,11.0,2.0,0.0,5.0,4.0,3.0,16.0,
2016,Sex 29/1,emWSH,V117-113,25.0,7-12,58.3,0-1,0.0,1-3,33.3,10.0,3.0,1.0,1.0,5.0,0.0,15.0,
2016,Qui 28/1,emBOS,D111-103,19.0,1-6,16.7,0-0,0.0,1-2,50.0,7.0,4.0,1.0,1.0,2.0,3.0,3.0,
2016,Ter 26/1,xATL,D119-105,18.0,5-7,71.4,0-1,0.0,5-6,83.3,10.0,3.0,1.0,2.0,2.0,0.0,15.0,
2016,Dom 24/1,xDET,V104-101,32.0,7-11,63.6,1-1,100.0,2-2,100.0,5.0,3.0,3.0,2.0,3.0,0.0,17.0,
2016,Sex 22/1,xMEM,D102-101,14.0,2-3,66.7,0-0,0.0,5-5,100.0,2.0,2.0,0.0,2.0,3.0,0.0,9.0,
2016,Qua 20/1,xOKC,D110-104,19.0,2-4,50.0,0-1,0.0,2-2,100.0,3.0,1.0,0.0,1.0,2.0,1.0,6.0,
2016,Seg 18/1,xIND,V129-126,24.0,6-11,54.5,1-3,33.3,5-6,83.3,2.0,3.0,0.0,4.0,2.0,1.0,18.0,
2016,Sáb 16/1,xMIA,D98-95,18.0,4-7,57.1,0-0,0.0,1-1,100.0,6.0,5.0,1.0,0.0,2.0,1.0,9.0,
2016,Qui 14/1,xGS,V112-110,16.0,3-6,50.0,0-1,0.0,0-0,0.0,7.0,2.0,0.0,3.0,4.0,1.0,6.0,
2016,Seg 11/1,xCHA,V95-92,23.0,2-4,50.0,0-1,0.0,0-0,0.0,7.0,9.0,1.0,0.0,1.0,1.0,4.0,
2016,Sáb 9/1,emMEM,D91-84,19.0,4-4,100.0,1-1,100.0,0-0,0.0,5.0,1.0,0.0,0.0,2.0,1.0,9.0,
2016,Qui 7/1,emMIN,V78-74,26.0,2-5,40.0,0-1,0.0,0-0,0.0,5.0,3.0,0.0,0.0,1.0,2.0,4.0,
2016,Seg 4/1,xPOR,D112-106,22.0,3-7,42.9,0-1,0.0,3-4,75.0,10.0,2.0,1.0,2.0,5.0,2.0,9.0,
2016,Dom 3/1,emGS,D111-108 TE,5.0,0-0,0.0,0-0,0.0,0-0,0.0,1.0,1.0,0.0,0.0,2.0,2.0,0.0,
2016,january,january,january,21.0,3.7-6.8,53.9,0.3-0.9,28.6,1.7-2.1,81.3,6.1,2.9,0.6,1.5,2.7,1.2,9.3,
2016,Qui 31/12,emPOR,D110-103,18.0,3-6,50.0,0-0,0.0,4-4,100.0,6.0,1.0,2.0,0.0,0.0,2.0,10.0,
2016,Qua 30/12,xCLE,D93-87,22.0,4-11,36.4,0-0,0.0,2-3,66.7,7.0,1.0,1.0,1.0,6.0,2.0,10.0,
2016,Seg 28/12,emOKC,D122-112,17.0,3-7,42.9,1-1,100.0,0-0,0.0,3.0,2.0,0.0,1.0,4.0,2.0,7.0,
2016,Dom 27/12,emSA,D101-86,26.0,10-19,52.6,1-2,50.0,1-2,50.0,7.0,5.0,1.0,1.0,4.0,3.0,22.0,
2016,Qui 24/12,emPHX,V104-96,22.0,5-7,71.4,1-2,50.0,2-2,100.0,9.0,2.0,0.0,1.0,3.0,2.0,13.0,
2016,Qua 23/12,xLAL,D111-107,30.0,5-7,71.4,0-0,0.0,5-6,83.3,10.0,5.0,0.0,0.0,1.0,3.0,15.0,
2016,Seg 21/12,xNO,D130-125,23.0,6-8,75.0,0-1,0.0,1-2,50.0,3.0,2.0,1.0,0.0,2.0,0.0,13.0,
2016,Sáb 19/12,emUTAH,D97-88,21.0,1-5,20.0,0-2,0.0,5-6,83.3,10.0,0.0,0.0,1.0,3.0,2.0,7.0,
2016,Qua 16/12,emMIN,V112-100,21.0,3-4,75.0,0-0,0.0,0-0,0.0,3.0,2.0,2.0,2.0,3.0,2.0,6.0,
2016,Ter 15/12,xHOU,V114-108,22.0,3-3,100.0,0-0,0.0,3-3,100.0,7.0,1.0,0.0,1.0,1.0,1.0,9.0,
2016,Sáb 12/12,xMIN,V111-108 TE,25.0,5-10,50.0,1-2,50.0,8-8,100.0,6.0,4.0,0.0,1.0,5.0,2.0,19.0,
2016,Qua 9/12,xORL,D85-74,17.0,2-6,33.3,0-0,0.0,0-0,0.0,4.0,1.0,0.0,0.0,1.0,0.0,4.0,
2016,Sex 4/12,emTOR,V106-105,14.0,4-7,57.1,0-0,0.0,0-0,0.0,6.0,0.0,0.0,0.0,0.0,0.0,8.0,
2016,Qui 3/12,emCHI,D99-90,10.0,3-6,50.0,1-1,100.0,0-0,0.0,3.0,0.0,1.0,0.0,1.0,0.0,7.0,
2016,december,december,december,20.6,4.1-7.6,53.8,0.4-0.8,45.5,2.2-2.6,86.1,6.0,1.9,0.6,0.6,2.4,1.5,10.7,
2016,Ter 1/12,emMIL,D92-74,25.0,4-7,57.1,0-1,0.0,0-2,0.0,6.0,2.0,2.0,0.0,1.0,1.0,8.0,
2016,Dom 29/11,emDAL,D92-81,19.0,2-3,66.7,1-1,100.0,3-4,75.0,6.0,0.0,0.0,1.0,3.0,3.0,8.0,
2016,Sáb 28/11,xSA,D91-80,12.0,3-4,75.0,0-0,0.0,0-0,0.0,2.0,0.0,0.0,0.0,4.0,3.0,6.0,
2016,Qua 25/11,xLAC,D111-94,24.0,7-13,53.8,0-1,0.0,2-3,66.7,6.0,2.0,0.0,0.0,5.0,1.0,16.0,
2016,Seg 23/11,xGS,D118-105,27.0,3-7,42.9,0-0,0.0,5-7,71.4,11.0,2.0,1.0,2.0,0.0,1.0,11.0,
2016,Sáb 21/11,xPHX,D114-107,18.0,2-6,33.3,0-1,0.0,2-2,100.0,4.0,1.0,0.0,1.0,3.0,0.0,6.0,
2016,Qui 19/11,emSA,D109-98,32.0,8-13,61.5,1-1,100.0,6-6,100.0,12.0,0.0,3.0,2.0,2.0,0.0,23.0,
2016,Qua 18/11,emNO,V115-98,1.0,0-0,0.0,0-0,0.0,0-0,0.0,1.0,0.0,0.0,0.0,0.0,0.0,0.0,
2016,Dom 15/11,emPHX,D105-81,18.0,2-3,66.7,0-0,0.0,0-0,0.0,6.0,0.0,0.0,3.0,3.0,0.0,4.0,
2016,Sáb 14/11,xHOU,V107-98,6.0,1-3,33.3,0-1,0.0,1-2,50.0,5.0,0.0,0.0,0.0,2.0,1.0,3.0,
2016,Qui 12/11,xMIL,V103-102,14.0,4-7,57.1,0-0,0.0,0-1,0.0,5.0,4.0,0.0,2.0,0.0,2.0,8.0,
2016,Ter 10/11,xPOR,V108-104,16.0,3-3,100.0,0-0,0.0,4-4,100.0,2.0,1.0,0.0,2.0,2.0,1.0,10.0,
2016,Sáb 7/11,emGS,D119-104,17.0,2-4,50.0,0-0,0.0,0-2,0.0,4.0,1.0,1.0,1.0,1.0,1.0,4.0,
2016,Sex 6/11,xUTAH,D96-84,18.0,1-4,25.0,0-0,0.0,3-4,75.0,3.0,0.0,1.0,0.0,1.0,1.0,5.0,
2016,Seg 2/11,emOKC,D117-93,24.0,4-9,44.4,0-0,0.0,0-0,0.0,4.0,0.0,0.0,0.0,2.0,1.0,8.0,
2016,november,november,november,18.1,3.1-5.7,53.5,0.1-0.4,33.3,1.7-2.5,70.3,5.1,0.9,0.5,0.9,1.9,1.1,8.0,
2016,Sáb 31/10,xMIN,D95-78,18.0,5-8,62.5,0-0,0.0,0-0,0.0,9.0,1.0,0.0,0.0,3.0,2.0,10.0,
2016,Qui 29/10,emHOU,V105-85,4.0,1-1,100.0,0-0,0.0,0-0,0.0,0.0,0.0,0.0,0.0,0.0,1.0,2.0,
2016,october,october,october,11.0,3.0-4.5,66.7,0.0-0.0,0.0,0.0-0.0,0.0,4.5,0.5,0.0,0.0,1.5,1.5,6.0,
2017,Qui 13/4,emOKC,V111-105,40.0,9-14,64.3,0-0,0.0,11-14,78.6,16.0,8.0,5.0,1.0,4.0,4.0,29.0,
2017,Qua 12/4,emDAL,V109-91,20.0,3-6,50.0,1-3,33.3,0-0,0.0,8.0,4.0,0.0,0.0,2.0,1.0,7.0,
2017,Dom 9/4,xOKC,D106-105,31.0,8-16,50.0,1-5,20.0,6-6,100.0,6.0,3.0,1.0,1.0,5.0,3.0,23.0,
2017,Sáb 8/4,xNO,V122-106,29.0,9-13,69.2,2-2,100.0,3-4,75.0,12.0,5.0,0.0,2.0,1.0,7.0,23.0,
2017,Qui 6/4,emHOU,D110-104,34.0,6-17,35.3,0-5,0.0,0-0,0.0,19.0,9.0,1.0,5.0,3.0,2.0,12.0,
2017,Qua 5/4,emNO,V134-131,34.0,10-18,55.6,0-2,0.0,1-2,50.0,12.0,4.0,0.0,0.0,2.0,1.0,21.0,
2017,Dom 2/4,emMIA,V116-113,35.0,9-16,56.3,0-2,0.0,1-1,100.0,10.0,7.0,0.0,2.0,2.0,1.0,19.0,
2017,april,april,april,31.9,7.7-14.3,54.0,0.6-2.7,21.1,3.1-3.9,81.5,11.9,5.7,1.0,1.6,2.7,2.7,19.1,
2017,Sex 31/3,emCHA,D122-114,37.0,11-16,68.8,2-3,66.7,2-3,66.7,13.0,10.0,0.0,0.0,4.0,2.0,26.0,
2017,Qua 29/3,emPOR,D122-113,36.0,7-14,50.0,1-6,16.7,2-2,100.0,8.0,8.0,2.0,0.0,4.0,3.0,17.0,
2017,Seg 27/3,xNO,D115-90,18.0,4-14,28.6,0-3,0.0,0-0,0.0,13.0,2.0,0.0,0.0,3.0,0.0,8.0,
2017,Sex 24/3,emIND,V125-117,34.0,12-18,66.7,1-2,50.0,5-5,100.0,16.0,5.0,0.0,1.0,2.0,4.0,30.0,
2017,Qui 23/3,xCLE,V126-113,29.0,8-10,80.0,0-0,0.0,0-0,0.0,10.0,7.0,0.0,0.0,2.0,3.0,16.0,
2017,Ter 21/3,emHOU,D125-124,40.0,7-14,50.0,0-3,0.0,8-8,100.0,13.0,8.0,1.0,0.0,3.0,5.0,22.0,
2017,Dom 19/3,xHOU,D109-105,22.0,7-14,50.0,1-2,50.0,1-1,100.0,5.0,4.0,1.0,0.0,5.0,3.0,16.0,
2017,Sex 17/3,xLAC,V129-114,30.0,7-12,58.3,0-1,0.0,3-3,100.0,14.0,10.0,0.0,0.0,2.0,2.0,17.0,
2017,Ter 14/3,xLAL,V129-101,24.0,8-13,61.5,0-3,0.0,2-2,100.0,9.0,4.0,0.0,1.0,2.0,1.0,18.0,
2017,Dom 12/3,emSAC,V105-92,30.0,7-12,58.3,1-3,33.3,5-5,100.0,14.0,2.0,0.0,2.0,1.0,2.0,20.0,
2017,Sáb 11/3,xBOS,V119-99,27.0,8-10,80.0,1-2,50.0,4-6,66.7,10.0,7.0,1.0,4.0,4.0,7.0,21.0,
2017,Dom 5/3,xCHA,D112-102,33.0,13-15,86.7,0-0,0.0,5-8,62.5,14.0,4.0,0.0,1.0,1.0,4.0,31.0,
2017,Qui 2/3,emMIL,V110-98,30.0,6-10,60.0,0-0,0.0,1-2,50.0,14.0,10.0,0.0,1.0,1.0,3.0,13.0,
2017,march,march,march,29.9,8.1-13.2,61.0,0.5-2.2,25.0,2.9-3.5,84.4,11.8,6.2,0.4,0.8,2.6,3.0,19.6,
2017,Qua 1/3,emCHI,V125-107,33.0,6-10,60.0,3-3,100.0,4-4,100.0,16.0,10.0,1.0,0.0,1.0,3.0,19.0,
2017,Dom 26/2,xMEM,D105-98,33.0,5-11,45.5,0-2,0.0,0-0,0.0,11.0,6.0,1.0,1.0,3.0,2.0,10.0,
2017,Sáb 25/2,xBKN,V129-109,15.0,1-1,100.0,0-0,0.0,0-0,0.0,5.0,7.0,1.0,1.0,4.0,4.0,2.0,
2017,Sex 24/2,emSAC,D116-100,26.0,2-7,28.6,0-2,0.0,0-0,0.0,11.0,2.0,0.0,0.0,3.0,1.0,4.0,
2017,Qui 16/2,xMIN,D112-99,34.0,6-19,31.6,2-5,40.0,1-2,50.0,14.0,4.0,3.0,1.0,5.0,2.0,15.0,
2017,Ter 14/2,xGS,V132-110,36.0,7-13,53.8,0-0,0.0,3-4,75.0,21.0,12.0,0.0,2.0,3.0,6.0,17.0,
2017,Dom 12/2,emCLE,D125-109,38.0,9-18,50.0,1-2,50.0,8-10,80.0,13.0,4.0,2.0,0.0,2.0,5.0,27.0,
2017,Sáb 11/2,emNY,V131-123,37.0,17-23,73.9,2-3,66.7,4-5,80.0,9.0,5.0,0.0,2.0,2.0,2.0,40.0,
2017,Qui 9/2,emATL,D117-106,34.0,8-17,47.1,2-3,66.7,0-0,0.0,15.0,3.0,0.0,0.0,4.0,0.0,18.0,
2017,Ter 7/2,xDAL,V110-87,24.0,5-9,55.6,0-1,0.0,3-3,100.0,4.0,9.0,0.0,1.0,5.0,2.0,13.0,
2017,Dom 5/2,emSA,D121-97,15.0,5-9,55.6,1-2,50.0,0-0,0.0,1.0,2.0,0.0,0.0,3.0,5.0,11.0,
2017,Sáb 4/2,xMIL,V121-117,32.0,8-15,53.3,2-4,50.0,2-2,100.0,12.0,11.0,0.0,1.0,0.0,2.0,20.0,
2017,february,february,february,29.8,6.6-12.7,52.0,1.1-2.3,48.1,2.1-2.5,83.3,11.0,6.3,0.7,0.8,2.9,2.8,16.3,
2017,Sex 27/1,xPHX,V127-120,36.0,12-21,57.1,0-2,0.0,5-6,83.3,14.0,8.0,2.0,1.0,2.0,3.0,29.0,
2017,Qua 25/1,xUTAH,V103-93,35.0,9-15,60.0,0-4,0.0,5-5,100.0,11.0,6.0,3.0,2.0,3.0,4.0,23.0,
2017,Seg 23/1,emMIN,D111-108,27.0,8-15,53.3,0-3,0.0,2-2,100.0,9.0,4.0,2.0,2.0,5.0,4.0,18.0,
2017,Dom 22/1,xLAC,V123-98,21.0,8-11,72.7,2-3,66.7,1-1,100.0,10.0,3.0,0.0,0.0,3.0,3.0,19.0,
2017,Sex 20/1,emSA,D118-104,38.0,14-22,63.6,2-4,50.0,5-5,100.0,12.0,4.0,2.0,0.0,2.0,3.0,35.0,
2017,Qua 18/1,emLAL,V127-121,34.0,12-22,54.5,1-5,20.0,4-6,66.7,15.0,1.0,3.0,0.0,3.0,2.0,29.0,
2017,Seg 16/1,xORL,V125-112,36.0,13-19,68.4,1-2,50.0,3-5,60.0,11.0,5.0,1.0,3.0,2.0,2.0,30.0,
2017,Qui 12/1,xIND,V140-112,30.0,7-11,63.6,2-3,66.7,6-6,100.0,10.0,8.0,1.0,1.0,1.0,3.0,22.0,
2017,Sex 6/1,xSA,D127-99,27.0,8-10,80.0,0-0,0.0,3-4,75.0,11.0,5.0,0.0,1.0,2.0,3.0,19.0,
2017,Qua 4/1,xSAC,D120-113,28.0,7-11,63.6,1-2,50.0,3-3,100.0,6.0,5.0,1.0,1.0,3.0,1.0,18.0,
2017,Ter 3/1,emGS,D127-119,25.0,8-17,47.1,1-2,50.0,4-4,100.0,13.0,5.0,0.0,1.0,2.0,2.0,21.0,
2017,january,january,january,30.6,9.6-15.8,60.9,0.9-2.7,33.3,3.7-4.3,87.2,11.1,4.9,1.4,1.1,2.5,2.7,23.9,
2017,Sáb 31/12,xPHI,D124-122,22.0,9-13,69.2,0-0,0.0,7-9,77.8,7.0,4.0,0.0,0.0,5.0,2.0,25.0,
2017,Qui 29/12,xMIN,V105-103,34.0,6-12,50.0,0-2,0.0,4-5,80.0,8.0,11.0,1.0,0.0,3.0,2.0,16.0,
2017,Ter 27/12,emLAC,V106-102,32.0,11-16,68.8,2-3,66.7,0-1,0.0,10.0,4.0,0.0,3.0,4.0,2.0,24.0,
2017,Sáb 24/12,xATL,D109-108,19.0,3-4,75.0,1-1,100.0,1-2,50.0,7.0,6.0,3.0,0.0,6.0,5.0,8.0,
2017,Qua 21/12,emLAC,D119-102,21.0,4-7,57.1,0-2,0.0,1-2,50.0,6.0,1.0,0.0,0.0,3.0,2.0,9.0,
2017,Ter 20/12,xDAL,V117-107,38.0,13-17,76.5,1-1,100.0,0-0,0.0,17.0,9.0,0.0,1.0,1.0,3.0,27.0,
2017,Dom 18/12,xNY,V127-114,20.0,5-8,62.5,0-0,0.0,0-0,0.0,9.0,5.0,0.0,0.0,5.0,1.0,10.0,
2017,Sex 16/12,xPOR,V132-120,19.0,5-6,83.3,1-1,100.0,2-3,66.7,4.0,5.0,0.0,0.0,5.0,1.0,13.0,
2017,Ter 13/12,emDAL,D112-92,26.0,10-12,83.3,0-0,0.0,7-7,100.0,11.0,4.0,1.0,1.0,1.0,1.0,27.0,
2017,Dom 11/12,emORL,V121-113,26.0,6-11,54.5,0-3,0.0,2-2,100.0,6.0,6.0,2.0,1.0,3.0,1.0,14.0,
2017,Sex 9/12,emWSH,D92-85,28.0,6-10,60.0,0-0,0.0,5-7,71.4,11.0,1.0,1.0,0.0,1.0,4.0,17.0,
2017,Qui 8/12,emBKN,D116-111,21.0,5-7,71.4,0-0,0.0,4-4,100.0,10.0,3.0,1.0,0.0,3.0,1.0,14.0,
2017,december,december,december,25.7,6.9-10.3,67.5,0.4-1.1,38.5,2.8-3.5,78.6,8.8,4.9,0.8,0.5,3.3,2.1,17.0,
2017,Qui 1/12,xMIA,D106-98,24.0,7-11,63.6,0-0,0.0,3-4,75.0,14.0,3.0,0.0,1.0,3.0,1.0,17.0,
2017,Dom 27/11,emPHX,V120-114,31.0,3-8,37.5,1-2,50.0,6-6,100.0,11.0,3.0,1.0,0.0,2.0,1.0,13.0,
2017,Sáb 26/11,xOKC,D132-129 TE,29.0,3-7,42.9,1-2,50.0,0-0,0.0,6.0,5.0,2.0,0.0,5.0,3.0,7.0,
2017,Qui 24/11,emUTAH,D108-83,23.0,4-6,66.7,0-0,0.0,1-2,50.0,5.0,6.0,0.0,0.0,4.0,0.0,9.0,
2017,Qua 23/11,xCHI,V110-107,18.0,3-5,60.0,0-0,0.0,2-2,100.0,8.0,3.0,1.0,1.0,1.0,0.0,8.0,
2017,Seg 21/11,xUTAH,V105-91,21.0,5-8,62.5,1-1,100.0,1-2,50.0,6.0,4.0,1.0,0.0,3.0,0.0,12.0,
2017,Sáb 19/11,xTOR,D113-111 TE,27.0,4-8,50.0,0-2,0.0,0-0,0.0,12.0,4.0,2.0,0.0,3.0,3.0,8.0,
2017,Qui 17/11,xPHX,V120-104,19.0,3-4,75.0,0-0,0.0,4-5,80.0,2.0,2.0,0.0,0.0,3.0,1.0,10.0,
2017,Seg 14/11,emPOR,D112-105,26.0,0-3,0.0,0-0,0.0,0-0,0.0,5.0,3.0,1.0,1.0,5.0,2.0,0.0,
2017,Dom 13/11,xDET,D106-95,20.0,2-7,28.6,0-0,0.0,2-2,100.0,3.0,1.0,0.0,1.0,1.0,1.0,6.0,
2017,Sex 11/11,xGS,D125-101,18.0,1-5,20.0,0-3,0.0,2-2,100.0,3.0,2.0,0.0,1.0,3.0,0.0,4.0,
2017,Qua 9/11,emMEM,D108-107,28.0,4-10,40.0,1-3,33.3,3-4,75.0,5.0,2.0,0.0,2.0,4.0,0.0,12.0,
2017,Seg 7/11,emBOS,V123-107,22.0,4-5,80.0,0-1,0.0,1-1,100.0,5.0,2.0,1.0,1.0,2.0,1.0,9.0,
2017,Sáb 5/11,emDET,D103-86,23.0,3-9,33.3,0-0,0.0,0-0,0.0,6.0,0.0,1.0,1.0,3.0,1.0,6.0,
2017,Sex 4/11,emMIN,V102-99,14.0,3-3,100.0,0-0,0.0,2-4,50.0,3.0,5.0,0.0,0.0,3.0,1.0,8.0,
2017,november,november,november,23.1,3.3-6.6,49.5,0.3-0.9,28.6,1.8-2.3,79.4,6.3,3.0,0.7,0.6,3.0,1.0,8.6,
2017,Seg 31/10,emTOR,D105-102,22.0,6-9,66.7,0-1,0.0,0-0,0.0,4.0,1.0,0.0,0.0,4.0,4.0,12.0,
2017,Dom 30/10,xPOR,D115-113 TE,34.0,10-20,50.0,1-5,20.0,2-3,66.7,17.0,2.0,1.0,4.0,5.0,1.0,23.0,
2017,Qui 27/10,emNO,V107-102,21.0,2-5,40.0,1-2,50.0,0-0,0.0,7.0,2.0,0.0,0.0,4.0,4.0,5.0,
2017,october,october,october,26.0,6.0-11.3,52.9,0.7-2.7,25.0,0.7-1.0,66.7,9.3,1.7,0.3,1.3,4.3,3.0,13.3,
2018,Qui 12/4,emMIN,D112-106 TE,46.0,14-25,56.0,4-7,57.1,3-4,75.0,10.0,3.0,0.0,1.0,4.0,3.0,35.0,
2018,Ter 10/4,xPOR,V88-82,38.0,5-14,35.7,1-4,25.0,4-4,100.0,20.0,11.0,1.0,2.0,2.0,2.0,15.0,
2018,Sáb 7/4,emLAC,V134-115,34.0,9-14,64.3,1-2,50.0,4-5,80.0,11.0,11.0,1.0,2.0,2.0,2.0,23.0,
2018,Sex 6/4,xMIN,V100-96,36.0,6-20,30.0,1-6,16.7,3-3,100.0,14.0,9.0,1.0,1.0,5.0,2.0,16.0,
2018,Qua 4/4,xIND,V107-104,38.0,11-17,64.7,4-6,66.7,4-6,66.7,6.0,7.0,1.0,4.0,3.0,4.0,30.0,
2018,Seg 2/4,xMIL,V128-125 TE,44.0,14-24,58.3,2-5,40.0,5-5,100.0,13.0,5.0,3.0,0.0,4.0,4.0,35.0,
2018,april,april,april,39.3,9.8-19.0,51.8,2.2-5.0,43.3,3.8-4.5,85.2,12.3,7.7,1.2,1.7,3.3,2.8,25.7,
2018,Sáb 31/3,emOKC,V126-125 TE,41.0,11-22,50.0,1-6,16.7,0-0,0.0,16.0,6.0,2.0,1.0,3.0,4.0,23.0,
2018,Ter 27/3,emTOR,D114-110,40.0,11-21,52.4,3-7,42.9,4-4,100.0,16.0,8.0,1.0,2.0,2.0,3.0,29.0,
2018,Seg 26/3,emPHI,D123-104,31.0,4-14,28.6,1-2,50.0,5-6,83.3,7.0,4.0,1.0,1.0,4.0,2.0,14.0,
2018,Sex 23/3,emWSH,V108-100,37.0,10-21,47.6,3-6,50.0,2-2,100.0,8.0,5.0,1.0,0.0,2.0,2.0,25.0,
2018,Qui 22/3,emCHI,V135-102,24.0,9-11,81.8,2-2,100.0,1-1,100.0,7.0,5.0,0.0,0.0,1.0,1.0,21.0,
2018,Seg 19/3,emMIA,D149-141 2TE,47.0,12-22,54.5,4-5,80.0,6-6,100.0,15.0,3.0,0.0,1.0,5.0,5.0,34.0,
2018,Dom 18/3,emMEM,D101-94,35.0,5-15,33.3,1-4,25.0,6-8,75.0,13.0,2.0,2.0,3.0,3.0,1.0,17.0,
2018,Sex 16/3,xDET,V120-113,38.0,8-15,53.3,2-5,40.0,5-6,83.3,12.0,10.0,3.0,3.0,5.0,2.0,23.0,
2018,Qua 14/3,emLAL,D112-103,27.0,5-8,62.5,2-5,40.0,3-3,100.0,9.0,5.0,0.0,1.0,3.0,4.0,15.0,
2018,Dom 11/3,xSAC,V130-104,30.0,8-10,80.0,4-4,100.0,0-0,0.0,11.0,10.0,1.0,2.0,1.0,2.0,20.0,
2018,Sáb 10/3,xLAL,V125-116,33.0,8-14,57.1,1-3,33.3,4-4,100.0,6.0,6.0,0.0,2.0,2.0,3.0,21.0,
2018,Qui 8/3,xCLE,D113-108,34.0,12-14,85.7,2-3,66.7,10-11,90.9,13.0,6.0,0.0,0.0,2.0,5.0,36.0,
2018,Qua 7/3,emDAL,D118-107,26.0,2-9,22.2,0-4,0.0,0-1,0.0,9.0,5.0,1.0,2.0,0.0,1.0,4.0,
2018,Dom 4/3,emCLE,V126-117,32.0,3-8,37.5,1-2,50.0,2-3,66.7,7.0,8.0,1.0,0.0,2.0,2.0,9.0,
2018,Sáb 3/3,emMEM,V108-102,33.0,2-5,40.0,0-1,0.0,5-7,71.4,9.0,5.0,0.0,1.0,5.0,5.0,9.0,
2018,march,march,march,33.8,7.3-13.9,52.6,1.8-3.9,45.8,3.5-4.1,85.5,10.5,5.9,0.9,1.3,2.7,2.8,20.0,
2018,Qua 28/2,xLAC,D122-120,28.0,4-5,80.0,2-3,66.7,8-8,100.0,6.0,4.0,1.0,1.0,4.0,5.0,18.0,
2018,Seg 26/2,xHOU,D119-114,31.0,7-18,38.9,0-1,0.0,7-9,77.8,14.0,8.0,1.0,1.0,4.0,3.0,21.0,
2018,Sáb 24/2,xSA,V122-119,34.0,10-16,62.5,3-5,60.0,5-7,71.4,11.0,11.0,0.0,0.0,6.0,3.0,28.0,
2018,Sex 16/2,emMIL,V134-123,34.0,11-14,78.6,3-3,100.0,5-5,100.0,15.0,17.0,2.0,1.0,5.0,8.0,30.0,
2018,Qua 14/2,xSA,V117-109,33.0,8-15,53.3,2-5,40.0,5-6,83.3,13.0,11.0,1.0,0.0,0.0,1.0,23.0,
2018,Dom 11/2,emPHX,V123-113,27.0,5-12,41.7,1-2,50.0,10-11,90.9,9.0,8.0,1.0,1.0,3.0,2.0,21.0,
2018,Sáb 10/2,emHOU,D130-104,22.0,6-8,75.0,1-1,100.0,1-2,50.0,7.0,5.0,1.0,2.0,4.0,1.0,14.0,
2018,Ter 6/2,xCHA,V121-104,32.0,5-11,45.5,2-4,50.0,3-3,100.0,16.0,7.0,0.0,2.0,3.0,3.0,15.0,
2018,Dom 4/2,xGS,V115-108,33.0,7-16,43.8,2-3,66.7,3-3,100.0,9.0,5.0,0.0,2.0,2.0,4.0,19.0,
2018,Sex 2/2,xOKC,V127-124,37.0,11-18,61.1,2-5,40.0,5-6,83.3,13.0,14.0,2.0,1.0,3.0,2.0,29.0,
2018,february,february,february,31.2,7.4-13.3,55.6,1.8-3.2,56.3,5.2-6.0,86.7,11.3,9.0,0.9,1.1,3.4,3.2,21.8,
2018,Qua 31/1,emSA,D106-104,34.0,6-11,54.5,1-2,50.0,0-0,0.0,7.0,8.0,0.0,0.0,3.0,5.0,13.0,
2018,Ter 30/1,xBOS,D111-110,35.0,8-17,47.1,2-5,40.0,6-7,85.7,11.0,5.0,0.0,0.0,2.0,2.0,24.0,
2018,Dom 28/1,xDAL,V91-89,40.0,5-13,38.5,1-6,16.7,0-1,0.0,16.0,11.0,2.0,0.0,3.0,3.0,11.0,
2018,Sex 26/1,xNY,V130-118,35.0,5-9,55.6,1-2,50.0,7-9,77.8,7.0,10.0,0.0,0.0,4.0,1.0,18.0,
2018,Ter 23/1,xPOR,V104-101,33.0,5-17,29.4,2-5,40.0,4-7,57.1,12.0,5.0,1.0,1.0,4.0,3.0,16.0,
2018,Sáb 20/1,xPHX,D108-100,35.0,5-12,41.7,2-3,66.7,2-2,100.0,17.0,5.0,0.0,0.0,4.0,6.0,14.0,
2018,Qui 18/1,emLAC,D109-104,34.0,7-18,38.9,1-8,12.5,3-4,75.0,8.0,2.0,2.0,1.0,4.0,1.0,18.0,
2018,Qua 17/1,xDAL,V105-102,33.0,11-23,47.8,0-2,0.0,7-10,70.0,18.0,7.0,1.0,2.0,5.0,5.0,29.0,
2018,Dom 14/1,emSA,D112-80,30.0,8-13,61.5,3-6,50.0,4-4,100.0,9.0,7.0,0.0,2.0,2.0,2.0,23.0,
2018,Sáb 13/1,xMEM,V87-78,28.0,3-8,37.5,1-3,33.3,7-8,87.5,7.0,3.0,0.0,0.0,3.0,1.0,14.0,
2018,Qui 11/1,xATL,D110-97,32.0,4-21,19.0,0-8,0.0,1-2,50.0,12.0,7.0,3.0,2.0,3.0,2.0,9.0,
2018,Ter 9/1,emGS,D124-114,36.0,9-16,56.3,1-1,100.0,3-3,100.0,12.0,11.0,1.0,3.0,3.0,6.0,22.0,
2018,Dom 7/1,emSAC,D106-98,34.0,3-10,30.0,0-4,0.0,2-2,100.0,7.0,10.0,0.0,0.0,3.0,5.0,8.0,
2018,Sáb 6/1,xUTAH,V99-91,32.0,3-13,23.1,1-4,25.0,1-2,50.0,10.0,4.0,0.0,1.0,3.0,2.0,8.0,
2018,Qui 4/1,xPHX,V134-111,36.0,4-6,66.7,1-1,100.0,5-5,100.0,9.0,8.0,0.0,2.0,3.0,6.0,14.0,
2018,january,january,january,33.9,5.7-13.8,41.5,1.1-4.0,28.3,3.5-4.4,78.8,10.8,6.9,0.7,0.9,3.3,3.3,16.1,
2018,Dom 31/12,xPHI,D107-102,37.0,5-14,35.7,1-5,20.0,8-9,88.9,13.0,6.0,3.0,1.0,0.0,2.0,19.0,
2018,Qui 28/12,emMIN,D128-125 TE,41.0,5-11,45.5,1-3,33.3,11-12,91.7,9.0,4.0,1.0,2.0,3.0,2.0,22.0,
2018,Qua 27/12,xUTAH,V107-83,26.0,4-10,40.0,1-3,33.3,4-4,100.0,7.0,5.0,0.0,1.0,5.0,1.0,13.0,
2018,Dom 24/12,emGS,V96-81,37.0,9-16,56.3,0-3,0.0,0-0,0.0,9.0,4.0,1.0,1.0,0.0,2.0,18.0,
2018,Sáb 23/12,emPOR,V102-85,37.0,12-21,57.1,2-6,33.3,1-1,100.0,9.0,6.0,2.0,0.0,4.0,4.0,27.0,
2018,Qui 21/12,xMIN,D112-104,36.0,6-12,50.0,2-6,33.3,8-9,88.9,6.0,4.0,2.0,0.0,3.0,10.0,22.0,
2018,Ter 19/12,emOKC,D95-94,25.0,5-9,55.6,0-2,0.0,3-4,75.0,9.0,2.0,0.0,2.0,2.0,1.0,13.0,
2018,Sáb 16/12,xNO,V117-111 TE,22.0,6-13,46.2,1-2,50.0,0-0,0.0,11.0,4.0,0.0,0.0,2.0,1.0,13.0,
2018,december,december,december,32.6,6.5-13.3,49.1,1.0-3.8,26.7,4.4-4.9,89.7,9.1,4.4,1.1,0.9,2.4,2.9,18.4,
2018,Sex 1/12,xCHI,V111-110,16.0,3-6,50.0,0-0,0.0,2-2,100.0,4.0,4.0,0.0,0.0,1.0,0.0,8.0,
2018,Qua 29/11,emUTAH,D106-77,26.0,3-7,42.9,1-3,33.3,0-0,0.0,6.0,6.0,1.0,1.0,1.0,2.0,7.0,
2018,Sáb 25/11,xMEM,V104-92,36.0,11-17,64.7,2-5,40.0,4-6,66.7,13.0,8.0,0.0,2.0,4.0,5.0,28.0,
2018,Qui 23/11,emHOU,D125-95,26.0,7-14,50.0,1-2,50.0,2-3,66.7,6.0,3.0,1.0,2.0,2.0,2.0,17.0,
2018,Ter 21/11,emSAC,V114-98,35.0,7-12,58.3,2-6,33.3,0-0,0.0,14.0,3.0,1.0,1.0,0.0,2.0,16.0,
2018,Seg 20/11,emLAL,D127-109,12.0,1-5,20.0,0-0,0.0,4-4,100.0,6.0,1.0,0.0,1.0,2.0,2.0,6.0,
2018,Sáb 18/11,xNO,V146-114,27.0,3-5,60.0,1-2,50.0,6-6,100.0,11.0,6.0,1.0,0.0,3.0,2.0,13.0,
2018,Ter 14/11,emPOR,D99-82,35.0,2-9,22.2,1-4,25.0,1-2,50.0,7.0,3.0,1.0,3.0,2.0,3.0,6.0,
2018,Dom 12/11,xORL,V125-107,38.0,3-8,37.5,1-1,100.0,5-6,83.3,17.0,9.0,1.0,4.0,2.0,1.0,12.0,
2018,Sex 10/11,xOKC,V102-94,28.0,7-16,43.8,1-5,20.0,0-0,0.0,11.0,3.0,0.0,1.0,4.0,3.0,15.0,
2018,Qua 8/11,xBKN,V112-104,31.0,16-25,64.0,4-9,44.4,5-6,83.3,12.0,5.0,2.0,2.0,6.0,1.0,41.0,
2018,Dom 5/11,xGS,D127-108,20.0,2-6,33.3,0-0,0.0,4-4,100.0,7.0,3.0,0.0,2.0,1.0,1.0,8.0,
2018,Sáb 4/11,xMIA,V95-94,34.0,8-15,53.3,2-6,33.3,1-1,100.0,14.0,2.0,1.0,4.0,4.0,1.0,19.0,
2018,Qui 2/11,xTOR,V129-111,31.0,4-10,40.0,0-3,0.0,0-0,0.0,16.0,10.0,2.0,1.0,2.0,0.0,8.0,
2018,november,november,november,28.1,5.5-11.1,49.7,1.1-3.3,34.8,2.4-2.9,85.0,10.3,4.7,0.8,1.7,2.4,1.8,14.6,
2018,Seg 30/10,emNY,D116-110,30.0,9-15,60.0,6-10,60.0,4-6,66.7,8.0,2.0,1.0,1.0,1.0,2.0,28.0,
2018,Dom 29/10,emBKN,V124-111,29.0,9-16,56.3,1-3,33.3,2-2,100.0,14.0,4.0,1.0,1.0,3.0,1.0,21.0,
2018,Sex 27/10,emATL,V105-100,33.0,8-16,50.0,0-1,0.0,2-2,100.0,15.0,5.0,0.0,1.0,0.0,2.0,18.0,
2018,Qua 25/10,emCHA,D110-93,30.0,8-12,66.7,1-1,100.0,1-1,100.0,12.0,0.0,0.0,0.0,3.0,2.0,18.0,
2018,Ter 24/10,xWSH,D109-104,35.0,9-14,64.3,3-3,100.0,8-8,100.0,9.0,5.0,0.0,1.0,4.0,7.0,29.0,
2018,Dom 22/10,xSAC,V96-79,30.0,0-3,0.0,0-1,0.0,0-0,0.0,9.0,7.0,0.0,1.0,4.0,3.0,0.0,
2018,Qui 19/10,emUTAH,D106-96,36.0,3-10,30.0,1-4,25.0,0-0,0.0,12.0,7.0,0.0,0.0,1.0,4.0,7.0,
2018,october,october,october,32.0,6.6-12.3,53.5,1.7-3.3,52.2,2.4-2.7,89.5,11.3,4.3,0.3,0.7,2.3,3.0,17.3,
2019,Qui 11/4,xMIN,V99-95,37.0,13-26,50.0,1-7,14.3,2-2,100.0,14.0,2.0,0.0,3.0,4.0,4.0,29.0,
2019,Qua 10/4,emUTAH,D118-108,16.0,1-6,16.7,0-0,0.0,0-2,0.0,5.0,2.0,1.0,1.0,6.0,1.0,2.0,
2019,Sáb 6/4,xPOR,V119-110,37.0,9-15,60.0,1-4,25.0,3-4,75.0,13.0,9.0,1.0,2.0,3.0,2.0,22.0,
2019,Qui 4/4,xSA,V113-85,29.0,9-10,90.0,0-1,0.0,2-3,66.7,11.0,9.0,0.0,0.0,3.0,5.0,20.0,
2019,Qua 3/4,emGS,D116-102,28.0,4-10,40.0,0-3,0.0,2-3,66.7,5.0,6.0,0.0,4.0,1.0,6.0,10.0,
2019,april,april,april,29.2,7.2-13.4,53.7,0.4-3.0,13.3,1.8-2.8,64.3,9.6,5.6,0.4,2.0,3.4,3.6,16.6,
2019,Seg 1/4,xWSH,D95-90,30.0,11-15,73.3,0-2,0.0,1-3,33.3,14.0,4.0,1.0,2.0,3.0,2.0,23.0,
2019,Sáb 30/3,emOKC,V115-105,34.0,10-16,62.5,1-3,33.3,2-2,100.0,16.0,3.0,0.0,1.0,3.0,2.0,23.0,
2019,Sex 29/3,emHOU,D112-85,25.0,7-14,50.0,0-0,0.0,2-2,100.0,8.0,6.0,2.0,0.0,3.0,2.0,16.0,
2019,Qua 27/3,xDET,V95-92,33.0,10-24,41.7,0-5,0.0,3-5,60.0,15.0,2.0,0.0,0.0,3.0,3.0,23.0,
2019,Dom 24/3,emIND,D124-88,30.0,8-16,50.0,1-3,33.3,2-2,100.0,11.0,8.0,4.0,1.0,2.0,1.0,19.0,
2019,Sex 22/3,emNY,V111-93,28.0,8-20,40.0,1-3,33.3,4-6,66.7,17.0,5.0,0.0,0.0,3.0,1.0,21.0,
2019,Qui 21/3,emWSH,V113-108,35.0,6-12,50.0,2-4,50.0,1-1,100.0,6.0,11.0,0.0,0.0,1.0,1.0,15.0,
2019,Seg 18/3,emBOS,V114-105,36.0,9-14,64.3,3-7,42.9,0-0,0.0,13.0,7.0,3.0,2.0,2.0,3.0,21.0,
2019,Dom 17/3,xIND,V102-100,34.0,11-21,52.4,2-7,28.6,2-2,100.0,7.0,5.0,0.0,0.0,3.0,4.0,26.0,
2019,Sex 15/3,xDAL,V100-99,30.0,4-9,44.4,0-2,0.0,3-4,75.0,14.0,8.0,1.0,0.0,1.0,2.0,11.0,
2019,Qua 13/3,xMIN,V133-107,26.0,9-14,64.3,0-0,0.0,0-0,0.0,8.0,7.0,1.0,0.0,4.0,4.0,18.0,
2019,Sáb 9/3,emGS,D122-105,29.0,5-10,50.0,1-1,100.0,5-8,62.5,6.0,4.0,1.0,4.0,2.0,2.0,16.0,
2019,Qui 7/3,emLAL,V115-99,35.0,3-5,60.0,0-1,0.0,6-8,75.0,17.0,8.0,0.0,3.0,1.0,2.0,12.0,
2019,Ter 5/3,emSA,D104-103,38.0,10-14,71.4,2-2,100.0,0-0,0.0,10.0,6.0,0.0,0.0,2.0,3.0,22.0,
2019,Dom 3/3,xNO,D120-112,22.0,7-11,63.6,1-2,50.0,5-6,83.3,9.0,7.0,2.0,2.0,4.0,2.0,20.0,
2019,march,march,march,31.1,7.9-14.3,54.9,0.9-2.8,33.3,2.4-3.3,73.5,11.4,6.1,1.0,1.0,2.5,2.3,19.1,
2019,Sex 1/3,xUTAH,D111-104,32.0,5-15,33.3,0-1,0.0,6-7,85.7,13.0,7.0,0.0,0.0,5.0,5.0,16.0,
2019,Qua 27/2,xOKC,V121-112,35.0,11-25,44.0,4-7,57.1,10-13,76.9,9.0,10.0,1.0,0.0,2.0,2.0,36.0,
2019,Dom 24/2,xLAC,V123-96,28.0,9-16,56.3,0-2,0.0,4-6,66.7,16.0,3.0,1.0,3.0,5.0,6.0,22.0,
2019,Sáb 23/2,emDAL,V114-104,30.0,7-16,43.8,1-2,50.0,4-4,100.0,13.0,8.0,0.0,1.0,4.0,4.0,19.0,
2019,Seg 18/2,xLEB*,D178-164,13.0,3-4,75.0,0-0,0.0,0-0,0.0,9.0,0.0,0.0,0.0,1.0,1.0,6.0,
2019,Qui 14/2,xSAC,V120-118,36.0,7-17,41.2,0-2,0.0,6-6,100.0,18.0,11.0,0.0,1.0,1.0,4.0,20.0,
2019,Ter 12/2,xMIA,V103-87,36.0,7-16,43.8,3-3,100.0,6-7,85.7,12.0,4.0,0.0,0.0,3.0,7.0,23.0,
2019,Sáb 9/2,emPHI,D117-110,35.0,11-22,50.0,1-5,20.0,4-4,100.0,10.0,10.0,0.0,3.0,2.0,4.0,27.0,
2019,Qui 7/2,emBKN,D135-130,34.0,8-13,61.5,1-3,33.3,8-10,80.0,14.0,10.0,1.0,1.0,3.0,2.0,25.0,
2019,Ter 5/2,emDET,D129-103,26.0,7-17,41.2,0-3,0.0,2-3,66.7,3.0,4.0,0.0,3.0,4.0,3.0,16.0,
2019,Dom 3/2,emMIN,V107-106,29.0,4-13,30.8,0-2,0.0,5-8,62.5,16.0,10.0,0.0,0.0,4.0,5.0,13.0,
2019,Sáb 2/2,xHOU,V136-122,31.0,12-15,80.0,1-2,50.0,6-6,100.0,13.0,9.0,0.0,1.0,4.0,2.0,31.0,
2019,february,february,february,32.1,8.0-16.8,47.6,1.0-2.9,34.4,5.5-6.7,82.4,12.5,7.8,0.3,1.2,3.4,4.0,22.5,
2019,Qui 31/1,emNO,V105-99,37.0,9-16,56.3,0-2,0.0,2-2,100.0,13.0,10.0,2.0,3.0,2.0,2.0,20.0,
2019,Ter 29/1,emMEM,V95-92,35.0,10-20,50.0,1-8,12.5,3-3,100.0,5.0,3.0,0.0,4.0,3.0,4.0,24.0,
2019,Dom 27/1,xPHI,V126-110,34.0,12-22,54.5,2-3,66.7,6-7,85.7,18.0,10.0,0.0,1.0,1.0,1.0,32.0,
2019,Qui 24/1,emUTAH,D114-108,37.0,10-21,47.6,1-7,14.3,7-7,100.0,21.0,6.0,1.0,2.0,5.0,3.0,28.0,
2019,Dom 20/1,xCLE,V124-102,28.0,8-12,66.7,3-6,50.0,0-1,0.0,11.0,12.0,0.0,1.0,3.0,1.0,19.0,
2019,Sex 18/1,xCHI,V135-105,25.0,6-18,33.3,0-3,0.0,6-6,100.0,8.0,11.0,1.0,1.0,3.0,2.0,18.0,
2019,Qua 16/1,xGS,D142-111,23.0,6-12,50.0,0-1,0.0,5-5,100.0,4.0,8.0,0.0,0.0,3.0,3.0,17.0,
2019,Seg 14/1,xPOR,V116-113,37.0,15-23,65.2,4-7,57.1,6-8,75.0,10.0,8.0,0.0,0.0,4.0,3.0,40.0,
2019,Dom 13/1,emPHX,D102-93,34.0,8-15,53.3,1-4,25.0,6-7,85.7,10.0,4.0,1.0,0.0,0.0,2.0,23.0,
2019,Sex 11/1,xLAC,V121-100,28.0,8-19,42.1,0-5,0.0,2-3,66.7,14.0,10.0,2.0,0.0,3.0,1.0,18.0,
2019,Qua 9/1,emMIA,V103-99,40.0,11-21,52.4,1-2,50.0,6-6,100.0,11.0,10.0,0.0,1.0,3.0,3.0,29.0,
2019,Ter 8/1,emHOU,D125-113,28.0,11-20,55.0,1-1,100.0,1-1,100.0,13.0,4.0,1.0,2.0,2.0,8.0,24.0,
2019,Sáb 5/1,xCHA,V123-110,34.0,16-29,55.2,3-9,33.3,4-5,80.0,12.0,6.0,1.0,3.0,1.0,2.0,39.0,
2019,Sex 4/1,emSAC,V117-113,32.0,10-18,55.6,3-8,37.5,3-4,75.0,13.0,6.0,1.0,1.0,1.0,5.0,26.0,
2019,Qua 2/1,xNY,V115-108,34.0,8-16,50.0,1-2,50.0,2-3,66.7,14.0,15.0,3.0,1.0,3.0,5.0,19.0,
2019,january,january,january,32.3,9.9-18.8,52.5,1.4-4.5,30.9,3.9-4.5,86.8,11.8,8.2,0.9,1.3,2.5,3.0,25.1,
2019,Dom 30/12,emPHX,V122-118,38.0,8-11,72.7,0-2,0.0,7-8,87.5,8.0,9.0,1.0,3.0,3.0,4.0,23.0,
2019,Sáb 29/12,xSA,V102-99,37.0,10-14,71.4,1-4,25.0,0-0,0.0,9.0,9.0,0.0,0.0,6.0,6.0,21.0,
2019,Qui 27/12,emSA,D111-103,31.0,1-5,20.0,1-1,100.0,1-2,50.0,4.0,10.0,0.0,2.0,1.0,5.0,4.0,
2019,Sáb 22/12,emLAC,D132-111,21.0,7-15,46.7,2-2,100.0,3-3,100.0,6.0,3.0,1.0,0.0,2.0,4.0,19.0,
2019,Qua 19/12,xDAL,V126-118,35.0,13-25,52.0,2-6,33.3,4-4,100.0,16.0,4.0,1.0,3.0,4.0,5.0,32.0,
2019,Seg 17/12,xTOR,V95-86,35.0,11-19,57.9,0-1,0.0,4-5,80.0,10.0,4.0,0.0,2.0,0.0,3.0,26.0,
2019,Sáb 15/12,xOKC,V109-98,36.0,8-16,50.0,2-4,50.0,6-6,100.0,15.0,9.0,0.0,3.0,3.0,6.0,24.0,
2019,Ter 11/12,xMEM,V105-99,38.0,9-14,64.3,1-2,50.0,8-9,88.9,12.0,6.0,0.0,2.0,3.0,3.0,27.0,
2019,Dom 9/12,emATL,D106-98,33.0,9-17,52.9,0-2,0.0,6-7,85.7,11.0,7.0,0.0,2.0,1.0,1.0,24.0,
2019,Sáb 8/12,emCHA,D113-107,33.0,6-18,33.3,0-6,0.0,4-5,80.0,11.0,6.0,2.0,1.0,5.0,4.0,16.0,
2019,Qui 6/12,emORL,V124-118 TE,35.0,5-13,38.5,1-3,33.3,1-2,50.0,8.0,13.0,0.0,1.0,3.0,1.0,12.0,
2019,Ter 4/12,emTOR,V106-103,36.0,8-13,61.5,0-1,0.0,7-8,87.5,11.0,15.0,0.0,2.0,1.0,2.0,23.0,
2019,december,december,december,33.8,7.9-15.0,52.8,0.8-2.8,29.4,4.3-4.9,86.4,10.1,7.9,0.4,1.8,2.7,3.7,20.9,
2019,Sáb 1/12,emPOR,V113-112,32.0,7-12,58.3,0-2,0.0,1-1,100.0,6.0,7.0,1.0,1.0,3.0,1.0,15.0,
2019,Qua 28/11,xLAL,V117-85,23.0,5-14,35.7,2-4,50.0,2-2,100.0,7.0,7.0,1.0,1.0,1.0,3.0,14.0,
2019,Dom 25/11,emOKC,V105-98,27.0,6-20,30.0,0-7,0.0,4-5,80.0,6.0,5.0,1.0,0.0,4.0,4.0,16.0,
2019,Sáb 24/11,xORL,V112-87,23.0,2-7,28.6,0-3,0.0,2-2,100.0,10.0,11.0,0.0,2.0,4.0,0.0,6.0,
2019,Qui 22/11,emMIN,V103-101,37.0,3-13,23.1,1-5,20.0,0-0,0.0,12.0,10.0,0.0,1.0,4.0,3.0,7.0,
2019,Ter 20/11,emMIL,D104-98,33.0,8-18,44.4,3-8,37.5,1-1,100.0,5.0,5.0,0.0,1.0,1.0,3.0,20.0,
2019,Dom 18/11,emNO,D125-115,34.0,10-20,50.0,2-8,25.0,3-4,75.0,10.0,8.0,0.0,1.0,2.0,1.0,25.0,
2019,Sex 16/11,xATL,V138-93,25.0,5-11,45.5,1-2,50.0,1-2,50.0,9.0,7.0,1.0,4.0,3.0,2.0,12.0,
2019,Qua 14/11,xHOU,D109-99,33.0,6-14,42.9,0-1,0.0,2-3,66.7,12.0,7.0,0.0,2.0,3.0,3.0,14.0,
2019,Seg 12/11,xMIL,D121-114,29.0,7-14,50.0,4-8,50.0,2-2,100.0,6.0,6.0,1.0,1.0,1.0,3.0,20.0,
2019,Sáb 10/11,xBKN,D112-110,33.0,14-22,63.6,1-1,100.0,8-10,80.0,21.0,3.0,2.0,1.0,5.0,6.0,37.0,
2019,Qui 8/11,emMEM,D89-87,26.0,0-1,0.0,0-1,0.0,4-4,100.0,7.0,4.0,0.0,3.0,5.0,6.0,4.0,
2019,Ter 6/11,xBOS,V115-107,27.0,2-3,66.7,0-0,0.0,4-6,66.7,10.0,8.0,0.0,0.0,4.0,3.0,8.0,
2019,Dom 4/11,xUTAH,V103-88,29.0,3-9,33.3,0-3,0.0,1-2,50.0,10.0,16.0,0.0,1.0,2.0,4.0,7.0,
2019,Qui 1/11,emCLE,V110-91,22.0,2-5,40.0,0-1,0.0,0-0,0.0,6.0,3.0,1.0,1.0,2.0,2.0,4.0,
2019,november,november,november,28.9,5.3-12.2,43.7,0.9-3.6,25.9,2.3-2.9,79.5,9.1,7.1,0.5,1.3,2.9,2.9,13.9,
2019,Qui 1/11,emCHI,V108-107 TE,33.0,9-20,45.0,3-6,50.0,1-1,100.0,12.0,9.0,3.0,2.0,2.0,6.0,22.0,
2019,Ter 30/10,xNO,V116-111,29.0,3-8,37.5,2-4,50.0,4-4,100.0,9.0,10.0,2.0,0.0,4.0,0.0,12.0,
2019,Sex 26/10,emLAL,D121-114,33.0,9-17,52.9,1-5,20.0,5-5,100.0,11.0,3.0,1.0,1.0,5.0,6.0,24.0,
2019,Qua 24/10,xSAC,V126-112,23.0,6-11,54.5,1-2,50.0,1-1,100.0,12.0,6.0,0.0,1.0,4.0,3.0,14.0,
2019,Seg 22/10,xGS,V100-98,32.0,7-14,50.0,0-1,0.0,9-12,75.0,11.0,6.0,0.0,0.0,2.0,2.0,23.0,
2019,Dom 21/10,xPHX,V119-91,31.0,11-11,100.0,3-3,100.0,10-11,90.9,11.0,11.0,1.0,4.0,3.0,0.0,35.0,
2019,Qui 18/10,emLAC,V107-98,34.0,6-13,46.2,1-4,25.0,8-10,80.0,8.0,5.0,2.0,1.0,4.0,2.0,21.0,
2019,october,october,october,30.7,7.3-13.4,54.3,1.6-3.6,44.0,5.4-6.3,86.4,10.6,7.1,1.3,1.3,3.4,2.7,21.6,
2020,Sex 14/8,emTOR,D117-109,10.0,1-1,100.0,0-0,0.0,0-0,0.0,1.0,2.0,0.0,0.0,0.0,1.0,2.0,
2020,Qui 13/8,xLAC,D124-111,28.0,7-11,63.6,1-4,25.0,2-4,50.0,7.0,13.0,0.0,0.0,1.0,1.0,17.0,
2020,Ter 11/8,emLAL,D124-121,26.0,4-7,57.1,2-2,100.0,2-2,100.0,1.0,4.0,0.0,1.0,3.0,1.0,12.0,
2020,Sáb 8/8,xUTAH,V134-132 2TE,42.0,11-21,52.4,2-6,33.3,6-6,100.0,11.0,7.0,0.0,3.0,5.0,4.0,30.0,
2020,Sex 7/8,xPOR,D125-115,24.0,3-8,37.5,0-2,0.0,2-2,100.0,5.0,13.0,0.0,0.0,2.0,5.0,8.0,
2020,Qua 5/8,emSA,V132-126,32.0,10-17,58.8,3-5,60.0,2-2,100.0,4.0,11.0,0.0,1.0,4.0,5.0,25.0,
2020,Seg 3/8,emOKC,V121-113 TE,39.0,10-21,47.6,0-5,0.0,10-11,90.9,12.0,10.0,0.0,2.0,4.0,4.0,30.0,
2020,Sáb 1/8,xMIA,D125-105,34.0,7-16,43.8,1-5,20.0,4-6,66.7,7.0,6.0,1.0,1.0,3.0,3.0,19.0,
2020,Qui 12/3,emDAL,D113-97,34.0,7-10,70.0,0-2,0.0,0-0,0.0,13.0,8.0,0.0,0.0,3.0,5.0,14.0,
2020,Ter 10/3,xMIL,V109-95,30.0,4-13,30.8,1-5,20.0,1-2,50.0,9.0,7.0,0.0,1.0,3.0,2.0,10.0,
2020,Dom 8/3,emCLE,D104-102,32.0,4-11,36.4,0-3,0.0,0-1,0.0,8.0,8.0,0.0,1.0,3.0,4.0,8.0,
2020,Sex 6/3,emCHA,V114-112,31.0,5-10,50.0,0-2,0.0,4-4,100.0,11.0,8.0,1.0,1.0,5.0,6.0,14.0,
2020,Qua 4/3,xGS,D116-100,32.0,7-15,46.7,0-1,0.0,2-2,100.0,13.0,7.0,2.0,1.0,2.0,5.0,16.0,
2020,Dom 1/3,xTOR,V133-118,35.0,8-11,72.7,0-0,0.0,7-9,77.8,18.0,11.0,0.0,1.0,2.0,2.0,23.0,
2020,march,march,march,32.3,5.8-11.7,50.0,0.2-2.2,7.7,2.3-3.0,77.8,12.0,8.2,0.5,0.8,3.0,4.0,14.2,
2020,Sáb 29/2,emLAC,D132-103,25.0,9-13,69.2,0-2,0.0,3-4,75.0,9.0,2.0,0.0,1.0,1.0,3.0,21.0,
2020,Qua 26/2,xDET,V115-98,28.0,5-8,62.5,1-1,100.0,5-5,100.0,5.0,4.0,0.0,4.0,4.0,5.0,16.0,
2020,Dom 23/2,xMIN,V128-116,31.0,11-14,78.6,0-1,0.0,2-3,66.7,7.0,6.0,2.0,2.0,4.0,3.0,24.0,
2020,Sáb 22/2,emOKC,D113-101,34.0,12-15,80.0,1-2,50.0,7-7,100.0,7.0,5.0,1.0,1.0,1.0,2.0,32.0,
2020,Seg 17/2,xGIA*,V157-155,12.0,2-4,50.0,1-3,33.3,0-0,0.0,2.0,1.0,0.0,1.0,1.0,0.0,5.0,
2020,Qui 13/2,xLAL,D120-116 TE,37.0,9-18,50.0,2-3,66.7,2-2,100.0,11.0,6.0,1.0,3.0,5.0,3.0,22.0,
2020,Ter 11/2,xSA,V127-120,38.0,6-8,75.0,0-1,0.0,7-8,87.5,8.0,13.0,1.0,0.0,4.0,5.0,19.0,
2020,Dom 9/2,emPHX,V117-108,34.0,9-19,47.4,0-3,0.0,5-5,100.0,9.0,6.0,3.0,1.0,3.0,6.0,23.0,
2020,Qui 6/2,emUTAH,V98-95,40.0,14-24,58.3,0-2,0.0,2-4,50.0,21.0,10.0,0.0,2.0,2.0,1.0,30.0,
2020,Qua 5/2,xPOR,V127-99,31.0,11-17,64.7,3-5,60.0,4-4,100.0,13.0,9.0,3.0,2.0,1.0,4.0,29.0,
2020,Dom 2/2,emDET,D128-123 TE,40.0,16-23,69.6,1-3,33.3,6-7,85.7,10.0,11.0,2.0,3.0,4.0,2.0,39.0,
2020,february,february,february,33.7,10.2-15.9,64.2,0.8-2.3,34.8,4.3-4.9,87.8,10.0,7.2,1.3,1.9,2.9,3.4,25.5,
2020,Sáb 1/2,emMIL,V127-115,33.0,7-17,41.2,1-3,33.3,0-0,0.0,10.0,9.0,0.0,1.0,4.0,3.0,15.0,
2020,Sex 31/1,xUTAH,V106-100,35.0,11-19,57.9,1-2,50.0,5-6,83.3,4.0,10.0,0.0,3.0,4.0,3.0,28.0,
2020,Qua 29/1,emMEM,D104-96,39.0,8-16,50.0,3-6,50.0,6-6,100.0,13.0,5.0,1.0,0.0,3.0,8.0,25.0,
2020,Dom 26/1,xHOU,V117-110,38.0,9-18,50.0,0-2,0.0,6-7,85.7,12.0,11.0,0.0,2.0,4.0,6.0,24.0,
2020,Sáb 25/1,emNO,V113-106,35.0,9-20,45.0,1-6,16.7,8-8,100.0,12.0,7.0,1.0,4.0,3.0,2.0,27.0,
2020,Qui 23/1,emHOU,D121-105,34.0,8-19,42.1,0-1,0.0,3-6,50.0,12.0,10.0,1.0,1.0,2.0,6.0,19.0,
2020,Ter 21/1,emMIN,V107-100,34.0,7-15,46.7,0-3,0.0,3-4,75.0,13.0,5.0,0.0,1.0,4.0,5.0,17.0,
2020,Seg 20/1,xIND,D115-107,32.0,10-16,62.5,2-4,50.0,8-12,66.7,10.0,4.0,0.0,3.0,4.0,1.0,30.0,
2020,Sex 17/1,emGS,V134-131 TE,44.0,10-20,50.0,0-3,0.0,3-3,100.0,12.0,8.0,2.0,0.0,4.0,9.0,23.0,
2020,Qui 16/1,xCHA,V100-86,29.0,5-9,55.6,0-1,0.0,2-2,100.0,8.0,8.0,2.0,1.0,3.0,4.0,12.0,
2020,Seg 13/1,xLAC,V114-104,31.0,6-14,42.9,3-4,75.0,5-6,83.3,15.0,6.0,0.0,1.0,5.0,2.0,20.0,
2020,Dom 12/1,xCLE,D111-103,34.0,8-12,66.7,2-5,40.0,1-1,100.0,12.0,5.0,0.0,0.0,2.0,1.0,19.0,
2020,Qui 9/1,emDAL,V107-106,31.0,12-20,60.0,4-6,66.7,5-8,62.5,6.0,7.0,1.0,1.0,1.0,3.0,33.0,
2020,Ter 7/1,emATL,V123-115,37.0,16-25,64.0,4-8,50.0,11-16,68.8,8.0,5.0,1.0,2.0,3.0,0.0,47.0,
2020,Dom 5/1,emWSH,D128-114,30.0,4-10,40.0,1-3,33.3,5-7,71.4,10.0,4.0,0.0,1.0,0.0,2.0,14.0,
2020,Sex 3/1,emIND,V124-116,24.0,7-15,46.7,0-3,0.0,8-8,100.0,7.0,0.0,0.0,0.0,5.0,2.0,22.0,
2020,january,january,january,33.8,8.6-16.6,51.7,1.4-3.8,36.7,4.9-6.3,79.0,10.3,6.5,0.6,1.3,3.2,3.6,23.4,
2020,Qua 1/1,emHOU,D130-104,32.0,10-17,58.8,0-1,0.0,1-1,100.0,8.0,4.0,0.0,0.0,2.0,6.0,21.0,
2020,Seg 30/12,xSAC,V120-115,27.0,7-8,87.5,0-0,0.0,3-4,75.0,8.0,4.0,0.0,1.0,3.0,4.0,17.0,
2020,Sáb 28/12,xMEM,V119-110,33.0,12-19,63.2,2-5,40.0,5-7,71.4,10.0,10.0,0.0,1.0,6.0,1.0,31.0,
2020,Qui 26/12,xNO,D112-100,31.0,8-20,40.0,2-5,40.0,5-6,83.3,10.0,4.0,0.0,2.0,3.0,5.0,23.0,
2020,Ter 24/12,emPHX,V113-111,31.0,6-13,46.2,4-7,57.1,6-6,100.0,12.0,10.0,0.0,1.0,4.0,2.0,22.0,
2020,Seg 23/12,emLAL,V128-104,27.0,5-8,62.5,1-1,100.0,7-7,100.0,6.0,5.0,1.0,1.0,3.0,1.0,18.0,
2020,Sáb 21/12,xMIN,V109-100,33.0,10-16,62.5,2-4,50.0,0-0,0.0,10.0,10.0,2.0,0.0,4.0,2.0,22.0,
2020,Qui 19/12,xORL,V113-104,31.0,7-14,50.0,2-4,50.0,2-2,100.0,9.0,12.0,1.0,1.0,2.0,4.0,18.0,
2020,Seg 16/12,xNY,V111-105,36.0,10-22,45.5,2-5,40.0,3-4,75.0,10.0,5.0,1.0,1.0,1.0,2.0,25.0,
2020,Dom 15/12,xOKC,V110-102,35.0,11-14,78.6,3-6,50.0,3-4,75.0,14.0,12.0,0.0,1.0,2.0,3.0,28.0,
2020,Sex 13/12,xPOR,V114-99,31.0,7-14,50.0,2-5,40.0,4-6,66.7,11.0,6.0,0.0,0.0,2.0,1.0,20.0,
2020,Qua 11/12,emPHI,D97-92,33.0,7-13,53.8,1-4,25.0,0-0,0.0,7.0,11.0,1.0,0.0,2.0,2.0,15.0,
2020,Dom 8/12,emBKN,D105-102,34.0,10-21,47.6,2-6,33.3,2-2,100.0,11.0,6.0,0.0,0.0,3.0,3.0,24.0,
2020,Sáb 7/12,emBOS,D108-95,31.0,13-21,61.9,1-5,20.0,3-3,100.0,10.0,4.0,2.0,1.0,3.0,1.0,30.0,
2020,Sex 6/12,emNY,V129-92,25.0,3-7,42.9,0-1,0.0,0-0,0.0,10.0,8.0,1.0,0.0,2.0,0.0,6.0,
2020,Qua 4/12,xLAL,D105-96,34.0,4-12,33.3,0-2,0.0,5-6,83.3,5.0,8.0,0.0,3.0,4.0,5.0,13.0,
2020,december,december,december,31.4,8.1-14.9,54.4,1.5-3.8,39.3,3.1-3.6,84.5,9.4,7.4,0.6,0.8,2.9,2.6,20.8,
2020,Sáb 30/11,emSAC,D100-97 TE,36.0,3-11,27.3,0-3,0.0,1-2,50.0,10.0,6.0,1.0,0.0,3.0,4.0,7.0,
2020,Qua 27/11,xWSH,V117-104,25.0,4-8,50.0,0-0,0.0,0-0,0.0,20.0,5.0,0.0,0.0,3.0,3.0,8.0,
2020,Seg 25/11,xPHX,V116-104,32.0,4-9,44.4,0-1,0.0,0-0,0.0,13.0,5.0,0.0,2.0,2.0,1.0,8.0,
2020,Sáb 23/11,xBOS,V96-92,36.0,7-17,41.2,0-4,0.0,4-4,100.0,16.0,10.0,1.0,3.0,2.0,3.0,18.0,
2020,Qui 21/11,xHOU,V105-95,32.0,12-19,63.2,2-4,50.0,1-1,100.0,12.0,4.0,0.0,0.0,5.0,7.0,27.0,
2020,Dom 17/11,emMEM,V131-114,26.0,4-7,57.1,1-3,33.3,0-0,0.0,5.0,8.0,0.0,0.0,3.0,2.0,9.0,
2020,Sex 15/11,xBKN,V101-93,28.0,8-14,57.1,2-5,40.0,0-0,0.0,10.0,3.0,0.0,0.0,4.0,0.0,18.0,
2020,Qua 13/11,xATL,D125-121,31.0,7-19,36.8,1-8,12.5,5-6,83.3,6.0,7.0,0.0,3.0,2.0,2.0,20.0,
2020,Dom 10/11,emMIN,V100-98 TE,36.0,9-23,39.1,1-7,14.3,1-3,33.3,6.0,7.0,1.0,1.0,4.0,0.0,20.0,
2020,Sáb 9/11,xPHI,V100-97,38.0,10-22,45.5,2-9,22.2,4-5,80.0,10.0,6.0,2.0,2.0,4.0,1.0,26.0,
2020,Qua 6/11,xMIA,V109-89,23.0,4-12,33.3,1-4,25.0,0-1,0.0,5.0,5.0,1.0,1.0,4.0,4.0,9.0,
2020,Sáb 2/11,emORL,V91-87,31.0,7-14,50.0,3-7,42.9,3-4,75.0,7.0,4.0,0.0,0.0,2.0,1.0,20.0,
2020,november,november,november,31.2,6.6-14.6,45.1,1.1-4.6,23.6,1.6-2.2,73.1,10.0,5.8,0.5,1.0,3.2,2.3,15.8,
2020,Sex 1/11,emNO,D122-107,27.0,5-6,83.3,0-1,0.0,3-3,100.0,6.0,6.0,0.0,1.0,3.0,2.0,13.0,
2020,Qua 30/10,xDAL,D109-106,33.0,4-8,50.0,0-1,0.0,2-2,100.0,10.0,10.0,0.0,3.0,3.0,4.0,10.0,
2020,Ter 29/10,emSAC,V101-94,28.0,4-15,26.7,0-5,0.0,1-1,100.0,13.0,2.0,1.0,2.0,4.0,2.0,9.0,
2020,Sáb 26/10,xPHX,V108-107 TE,41.0,8-18,44.4,0-2,0.0,7-9,77.8,14.0,12.0,2.0,1.0,4.0,5.0,23.0,
2020,Qui 24/10,emPOR,V108-100,24.0,8-14,57.1,3-5,60.0,1-2,50.0,13.0,2.0,0.0,0.0,4.0,4.0,20.0,
2020,october,october,october,30.6,5.8-12.2,47.5,0.6-2.8,21.4,2.8-3.4,82.4,11.2,6.4,0.6,1.4,3.6,3.4,15.0,
2021,Seg 17/5,emPOR,D132-116,17.0,9-17,52.9,0-3,0.0,3-3,100.0,3.0,2.0,0.0,1.0,3.0,1.0,21.0,
2021,Sáb 15/5,emDET,V104-91,26.0,7-11,63.6,0-0,0.0,6-7,85.7,15.0,11.0,0.0,0.0,2.0,1.0,20.0,
2021,Sex 14/5,emMIN,V114-103,32.0,14-21,66.7,0-3,0.0,3-3,100.0,14.0,4.0,1.0,1.0,2.0,2.0,31.0,
2021,Ter 11/5,emCHA,V117-112,33.0,7-16,43.8,0-2,0.0,16-17,94.1,11.0,6.0,0.0,0.0,2.0,2.0,30.0,
2021,Dom 9/5,xBKN,D125-119,37.0,10-21,47.6,0-5,0.0,9-9,100.0,7.0,6.0,0.0,0.0,3.0,5.0,29.0,
2021,Sáb 8/5,emUTAH,D127-120,35.0,9-11,81.8,2-2,100.0,4-4,100.0,9.0,13.0,1.0,0.0,5.0,5.0,24.0,
2021,Qui 6/5,xNY,V113-97,29.0,10-16,62.5,0-2,0.0,12-15,80.0,12.0,6.0,2.0,2.0,3.0,4.0,32.0,
2021,Ter 4/5,emLAL,D93-89,36.0,12-28,42.9,1-4,25.0,7-8,87.5,9.0,5.0,1.0,2.0,4.0,2.0,32.0,
2021,Dom 2/5,emLAC,V110-104,33.0,9-17,52.9,2-6,33.3,10-10,100.0,14.0,7.0,1.0,0.0,4.0,0.0,30.0,
2021,Sex 30/4,xTOR,V121-111,28.0,8-13,61.5,2-3,66.7,1-1,100.0,11.0,2.0,0.0,1.0,1.0,1.0,19.0,
2021,Qui 29/4,xNO,V114-112,36.0,12-20,60.0,2-4,50.0,6-8,75.0,7.0,8.0,3.0,3.0,1.0,6.0,32.0,
2021,Ter 27/4,xMEM,V120-96,30.0,6-12,50.0,2-3,66.7,10-10,100.0,15.0,5.0,0.0,2.0,3.0,6.0,24.0,
2021,Dom 25/4,xHOU,V129-116,29.0,10-14,71.4,0-0,0.0,4-6,66.7,8.0,12.0,1.0,1.0,4.0,4.0,24.0,
2021,Sáb 24/4,emGS,D118-97,33.0,7-16,43.8,0-3,0.0,5-5,100.0,6.0,6.0,0.0,0.0,2.0,1.0,19.0,
2021,Qui 22/4,emPOR,V106-105,36.0,9-18,50.0,1-6,16.7,6-7,85.7,9.0,5.0,1.0,0.0,0.0,4.0,25.0,
2021,Ter 20/4,xMEM,V139-137 2TE,45.0,20-31,64.5,2-6,33.3,5-6,83.3,15.0,8.0,1.0,0.0,3.0,7.0,47.0,
2021,Sáb 17/4,emHOU,V128-99,27.0,10-12,83.3,1-1,100.0,8-9,88.9,16.0,7.0,0.0,2.0,3.0,0.0,29.0,
2021,Qui 15/4,xMIA,V123-106,32.0,6-14,42.9,1-2,50.0,4-5,80.0,10.0,11.0,2.0,1.0,3.0,2.0,17.0,
2021,Ter 13/4,emGS,D116-107,37.0,10-21,47.6,1-5,20.0,6-8,75.0,12.0,8.0,1.0,1.0,1.0,4.0,27.0,
2021,Dom 11/4,xBOS,D105-87,32.0,6-15,40.0,0-2,0.0,5-7,71.4,10.0,11.0,1.0,1.0,3.0,2.0,17.0,
2021,Sáb 10/4,xSA,V121-119,38.0,9-17,52.9,2-2,100.0,6-6,100.0,13.0,14.0,0.0,1.0,4.0,6.0,26.0,
2021,Qui 8/4,xSA,V106-96,30.0,11-18,61.1,0-2,0.0,3-4,75.0,9.0,10.0,0.0,1.0,0.0,6.0,25.0,
2021,Qua 7/4,xDET,V134-119,27.0,13-16,81.3,0-0,0.0,1-2,50.0,8.0,11.0,1.0,1.0,3.0,1.0,27.0,
2021,Seg 5/4,xORL,V119-109,38.0,5-11,45.5,0-1,0.0,7-9,77.8,9.0,16.0,0.0,1.0,4.0,4.0,17.0,
2021,Sex 2/4,emLAC,V101-94,36.0,6-16,37.5,2-3,66.7,0-0,0.0,7.0,7.0,1.0,0.0,3.0,4.0,14.0,
2021,april,april,april,33.4,9.3-16.5,56.1,1.0-2.7,37.2,4.8-5.8,82.8,10.3,8.8,0.8,1.0,2.4,3.6,24.3,
2021,Qua 31/3,xPHI,V104-95,34.0,8-14,57.1,0-1,0.0,5-6,83.3,10.0,5.0,0.0,0.0,1.0,5.0,21.0,
2021,Seg 29/3,xATL,V126-102,28.0,7-12,58.3,1-2,50.0,1-2,50.0,10.0,8.0,2.0,1.0,0.0,0.0,16.0,
2021,Sáb 27/3,emNO,V113-108,41.0,17-30,56.7,3-5,60.0,0-0,0.0,6.0,9.0,1.0,2.0,3.0,1.0,37.0,
2021,Qua 24/3,emTOR,D135-111,30.0,8-14,57.1,0-2,0.0,4-4,100.0,10.0,5.0,0.0,1.0,1.0,4.0,20.0,
2021,Ter 23/3,emORL,V110-99,36.0,11-17,64.7,2-4,50.0,4-4,100.0,15.0,10.0,1.0,2.0,2.0,3.0,28.0,
2021,Dom 21/3,xNO,D113-108,35.0,13-19,68.4,3-4,75.0,0-0,0.0,10.0,10.0,1.0,1.0,3.0,5.0,29.0,
2021,Sáb 20/3,xCHI,V131-127 TE,42.0,14-23,60.9,2-4,50.0,4-6,66.7,15.0,9.0,1.0,2.0,4.0,1.0,34.0,
2021,Qui 18/3,xCHA,V129-104,29.0,6-7,85.7,0-0,0.0,0-0,0.0,10.0,10.0,0.0,0.0,2.0,3.0,12.0,
2021,Ter 16/3,xIND,V121-106,34.0,11-25,44.0,2-4,50.0,8-10,80.0,14.0,5.0,1.0,4.0,2.0,1.0,32.0,
2021,Dom 14/3,xDAL,D116-103,36.0,10-20,50.0,1-5,20.0,5-6,83.3,9.0,11.0,0.0,0.0,0.0,4.0,26.0,
2021,Sáb 13/3,emMEM,V103-102,36.0,13-22,59.1,1-2,50.0,1-2,50.0,15.0,7.0,0.0,2.0,1.0,1.0,28.0,
2021,Seg 8/3,xDUR*,V170-150,19.0,3-4,75.0,0-0,0.0,0-0,0.0,7.0,5.0,1.0,0.0,1.0,2.0,6.0,
2021,Sex 5/3,emIND,V113-103,37.0,9-18,50.0,1-2,50.0,1-2,50.0,12.0,8.0,0.0,0.0,2.0,7.0,20.0,
2021,Qua 3/3,emMIL,V128-97,36.0,15-23,65.2,2-3,66.7,5-5,100.0,10.0,11.0,0.0,2.0,1.0,2.0,37.0,
2021,Ter 2/3,emCHI,V118-112,38.0,17-28,60.7,0-3,0.0,5-5,100.0,14.0,9.0,2.0,1.0,4.0,1.0,39.0,
2021,march,march,march,35.2,11.4-19.4,58.5,1.3-2.9,43.9,3.1-3.7,82.7,11.4,8.4,0.6,1.3,1.9,2.7,27.1,
2021,Dom 28/2,emOKC,V126-96,30.0,8-10,80.0,1-2,50.0,2-2,100.0,11.0,13.0,0.0,2.0,3.0,0.0,19.0,
2021,Sex 26/2,xWSH,D112-110,38.0,9-18,50.0,3-4,75.0,3-3,100.0,11.0,7.0,2.0,1.0,3.0,1.0,24.0,
2021,Qua 24/2,xPOR,V111-106,38.0,17-32,53.1,3-6,50.0,4-4,100.0,5.0,5.0,0.0,1.0,1.0,0.0,41.0,
2021,Seg 22/2,emATL,D123-115,37.0,5-15,33.3,2-5,40.0,3-4,75.0,10.0,6.0,0.0,3.0,5.0,4.0,15.0,
2021,Sáb 20/2,emCLE,V120-103,33.0,5-8,62.5,1-2,50.0,5-5,100.0,12.0,10.0,1.0,4.0,2.0,3.0,16.0,
2021,Qui 18/2,emWSH,D130-128,37.0,12-21,57.1,3-5,60.0,6-6,100.0,7.0,9.0,0.0,2.0,4.0,3.0,33.0,
2021,Qua 17/2,emBOS,D112-99,38.0,16-23,69.6,3-5,60.0,8-8,100.0,6.0,5.0,1.0,2.0,3.0,3.0,43.0,
2021,Seg 15/2,xLAL,V122-105,35.0,8-17,47.1,1-5,20.0,6-6,100.0,16.0,10.0,1.0,0.0,2.0,3.0,23.0,
2021,Sáb 13/2,xOKC,V97-95,37.0,9-16,56.3,2-7,28.6,2-2,100.0,13.0,9.0,1.0,1.0,4.0,2.0,22.0,
2021,Qui 11/2,xCLE,V133-95,30.0,5-7,71.4,0-0,0.0,2-2,100.0,6.0,12.0,0.0,2.0,3.0,2.0,12.0,
2021,Ter 9/2,xMIL,D125-112,39.0,13-26,50.0,3-6,50.0,6-6,100.0,12.0,6.0,0.0,0.0,3.0,0.0,35.0,
2021,Sáb 6/2,emSAC,D119-114,41.0,20-33,60.6,3-6,50.0,7-7,100.0,8.0,12.0,3.0,1.0,2.0,1.0,50.0,
2021,Sex 5/2,emLAL,D114-93,35.0,6-16,37.5,0-0,0.0,1-2,50.0,9.0,6.0,0.0,1.0,4.0,3.0,13.0,
2021,february,february,february,35.8,10.2-18.6,55.0,1.9-4.1,47.2,4.2-4.4,96.5,9.7,8.5,0.7,1.5,3.0,1.9,26.6,
2021,Dom 31/1,xUTAH,V128-117,37.0,17-26,65.4,4-4,100.0,9-10,90.0,12.0,5.0,1.0,2.0,2.0,3.0,47.0,
2021,Sáb 30/1,emSA,D119-109,39.0,14-24,58.3,5-11,45.5,2-4,50.0,10.0,5.0,1.0,1.0,3.0,4.0,35.0,
2021,Qui 28/1,emMIA,V109-82,34.0,9-14,64.3,1-5,20.0,2-2,100.0,11.0,3.0,1.0,0.0,2.0,1.0,21.0,
2021,Ter 26/1,emDAL,V117-113,34.0,8-13,61.5,0-2,0.0,4-4,100.0,10.0,4.0,1.0,2.0,2.0,6.0,20.0,
2021,Dom 24/1,emPHX,V120-112 2TE,42.0,9-21,42.9,0-0,0.0,11-14,78.6,22.0,6.0,0.0,1.0,3.0,6.0,29.0,
2021,Sáb 23/1,emPHX,V130-126 TE,40.0,15-27,55.6,1-3,33.3,0-1,0.0,10.0,8.0,0.0,3.0,4.0,3.0,31.0,
2021,Qua 20/1,xOKC,V119-101,28.0,12-21,57.1,0-4,0.0,3-3,100.0,12.0,6.0,1.0,1.0,2.0,1.0,27.0,
2021,Seg 18/1,xUTAH,D109-105,40.0,14-23,60.9,3-6,50.0,4-4,100.0,14.0,9.0,1.0,2.0,4.0,6.0,35.0,
2021,Sex 15/1,xGS,V114-104,36.0,8-16,50.0,0-4,0.0,7-7,100.0,14.0,10.0,0.0,3.0,4.0,3.0,23.0,
2021,Qua 13/1,emBKN,D122-116,34.0,8-17,47.1,1-4,25.0,6-6,100.0,8.0,11.0,1.0,7.0,2.0,1.0,23.0,
2021,Dom 10/1,emNY,V114-89,30.0,9-15,60.0,1-3,33.3,3-3,100.0,10.0,5.0,1.0,1.0,1.0,2.0,22.0,
2021,Sáb 9/1,emPHI,V115-103,29.0,6-8,75.0,0-0,0.0,3-3,100.0,9.0,12.0,0.0,0.0,2.0,4.0,15.0,
2021,Sex 8/1,xDAL,D124-117 TE,41.0,14-31,45.2,4-10,40.0,6-10,60.0,11.0,4.0,0.0,2.0,4.0,3.0,38.0,
2021,Qua 6/1,xMIN,V123-116,37.0,12-20,60.0,1-1,100.0,10-12,83.3,15.0,6.0,1.0,3.0,5.0,4.0,35.0,
2021,Seg 4/1,emMIN,V124-109,32.0,8-12,66.7,0-1,0.0,3-3,100.0,12.0,12.0,0.0,0.0,5.0,7.0,19.0,
2021,Sáb 2/1,xPHX,D106-103,30.0,7-13,53.8,3-5,60.0,0-0,0.0,9.0,11.0,0.0,1.0,5.0,1.0,17.0,
2021,january,january,january,35.1,10.6-18.8,56.5,1.5-3.9,38.1,4.6-5.4,84.9,11.8,7.3,0.6,1.8,3.1,3.4,27.3,
2021,Qua 30/12,emSAC,D125-115,39.0,9-14,64.3,1-3,33.3,7-7,100.0,10.0,12.0,0.0,2.0,4.0,10.0,26.0,
2021,Ter 29/12,xHOU,V124-111,34.0,8-11,72.7,1-1,100.0,2-3,66.7,12.0,18.0,1.0,3.0,2.0,3.0,19.0,
2021,Sáb 26/12,xLAC,D121-108,38.0,7-13,53.8,1-4,25.0,9-11,81.8,9.0,10.0,0.0,1.0,2.0,5.0,24.0,
2021,Qui 24/12,xSAC,D124-122 TE,42.0,11-18,61.1,1-2,50.0,6-9,66.7,15.0,14.0,2.0,0.0,3.0,6.0,29.0,
2021,december,december,december,38.3,8.8-14.0,62.5,1.0-2.5,40.0,6.0-7.5,80.0,11.5,13.5,0.8,1.5,2.8,6.0,24.5,
2021,,,,34.6,10.2-18.0,56.6,1.3-3.3,38.8,4.8-5.5,86.8,10.8,8.3,0.7,1.3,2.7,3.1,26.4,Médias
2021,,,,2488.0,732-1293,56.6,92-237,38.8,342-394,86.8,780.0,599.0,48.0,95.0,192.0,222.0,1898.0,Totais
2022,Sex 8/4,xMEM,V122-109,35.0,16-24,66.7,1-3,33.3,2-2,100.0,16.0,6.0,1.0,4.0,2.0,3.0,35.0,
2022,Qua 6/4,xSA,D116-97,40.0,18-35,51.4,1-5,20.0,4-6,66.7,17.0,4.0,0.0,2.0,3.0,2.0,41.0,
2022,Dom 3/4,emLAL,V129-118,33.0,15-22,68.2,0-3,0.0,8-11,72.7,18.0,6.0,2.0,2.0,3.0,7.0,38.0,
2022,Sáb 2/4,xMIN,D136-130,43.0,14-21,66.7,0-2,0.0,10-12,83.3,19.0,8.0,0.0,1.0,2.0,4.0,38.0,
2022,april,april,april,38.0,15.8-25.5,61.8,0.5-3.3,15.4,6.0-7.8,77.4,17.5,6.0,0.8,2.3,2.5,4.0,38.0,
2022,Qua 30/3,emIND,V125-118,36.0,15-19,78.9,0-0,0.0,7-8,87.5,13.0,9.0,1.0,2.0,3.0,7.0,37.0,
2022,Seg 28/3,emCHA,V113-109,35.0,9-17,52.9,0-0,0.0,8-12,66.7,19.0,11.0,0.0,2.0,1.0,4.0,26.0,
2022,Dom 27/3,xOKC,V113-107,35.0,13-15,86.7,0-1,0.0,9-10,90.0,12.0,8.0,2.0,2.0,4.0,3.0,35.0,
2022,Sex 25/3,xPHX,D140-130,32.0,9-10,90.0,1-2,50.0,9-11,81.8,6.0,6.0,0.0,3.0,2.0,8.0,28.0,
2022,Qua 23/3,xLAC,V127-115,34.0,9-15,60.0,0-2,0.0,12-13,92.3,14.0,6.0,3.0,2.0,5.0,1.0,30.0,
2022,Seg 21/3,xBOS,D124-104,33.0,8-23,34.8,2-6,33.3,5-6,83.3,8.0,4.0,1.0,1.0,2.0,2.0,23.0,
2022,Sex 18/3,emCLE,D119-116 TE,38.0,15-24,62.5,0-4,0.0,2-2,100.0,10.0,8.0,1.0,2.0,3.0,4.0,32.0,
2022,Qua 16/3,emWSH,V127-109,26.0,10-14,71.4,2-2,100.0,7-7,100.0,13.0,8.0,1.0,2.0,2.0,3.0,29.0,
2022,Seg 14/3,emPHI,V114-110,34.0,8-16,50.0,1-3,33.3,5-7,71.4,13.0,8.0,2.0,2.0,1.0,5.0,22.0,
2022,Dom 13/3,xTOR,D127-115,31.0,9-13,69.2,0-0,0.0,8-9,88.9,10.0,7.0,2.0,0.0,2.0,3.0,26.0,
2022,Sex 11/3,xGS,D113-102,32.0,9-21,42.9,0-8,0.0,5-6,83.3,12.0,9.0,1.0,1.0,4.0,5.0,23.0,
2022,Qui 10/3,emSAC,V106-100,35.0,15-24,62.5,0-2,0.0,8-9,88.9,18.0,7.0,2.0,1.0,4.0,3.0,38.0,
2022,Ter 8/3,xGS,V131-124,35.0,12-17,70.6,0-0,0.0,8-14,57.1,15.0,13.0,1.0,0.0,3.0,3.0,32.0,
2022,Seg 7/3,xNO,V138-130 TE,43.0,16-22,72.7,3-5,60.0,11-12,91.7,12.0,11.0,4.0,3.0,3.0,5.0,46.0,
2022,Qui 3/3,xOKC,D119-107,33.0,10-17,58.8,0-4,0.0,2-2,100.0,16.0,4.0,0.0,2.0,2.0,6.0,22.0,
2022,march,march,march,34.0,11.1-17.8,62.5,0.6-2.6,23.1,7.1-8.5,82.8,12.7,7.9,1.4,1.7,2.7,4.1,29.9,
2022,Seg 28/2,emPOR,V124-92,26.0,3-5,60.0,0-1,0.0,2-2,100.0,18.0,11.0,0.0,1.0,2.0,2.0,8.0,
2022,Dom 27/2,xSAC,V115-110,34.0,6-16,37.5,0-5,0.0,6-8,75.0,10.0,11.0,0.0,0.0,5.0,2.0,18.0,
2022,Sex 25/2,emSAC,V128-110,34.0,9-15,60.0,2-4,50.0,5-7,71.4,12.0,9.0,1.0,4.0,3.0,2.0,25.0,
2022,Seg 21/2,xDUR*,V163-160,21.0,4-5,80.0,2-3,66.7,0-0,0.0,9.0,8.0,0.0,1.0,0.0,1.0,10.0,
2022,Qui 17/2,emGS,V117-116,34.0,13-24,54.2,3-5,60.0,6-9,66.7,17.0,8.0,0.0,1.0,3.0,5.0,35.0,
2022,Ter 15/2,xORL,V121-111,35.0,10-26,38.5,3-9,33.3,3-3,100.0,15.0,7.0,0.0,1.0,2.0,5.0,26.0,
2022,Dom 13/2,emTOR,V110-109,35.0,10-16,62.5,0-2,0.0,8-10,80.0,15.0,6.0,2.0,0.0,1.0,4.0,28.0,
2022,Sáb 12/2,emBOS,D108-102,34.0,9-20,45.0,3-10,30.0,2-4,50.0,16.0,11.0,2.0,0.0,2.0,9.0,23.0,
2022,Qua 9/2,xNY,V132-115,30.0,8-14,57.1,0-3,0.0,5-7,71.4,11.0,7.0,0.0,0.0,2.0,6.0,21.0,
2022,Dom 6/2,xBKN,V124-104,30.0,12-15,80.0,0-2,0.0,3-4,75.0,12.0,10.0,1.0,2.0,1.0,2.0,27.0,
2022,Sáb 5/2,xNO,D113-105,35.0,7-10,70.0,3-3,100.0,8-8,100.0,12.0,9.0,0.0,2.0,4.0,4.0,25.0,
2022,Qua 2/2,emMIN,D130-115,30.0,6-12,50.0,1-4,25.0,8-9,88.9,16.0,8.0,0.0,1.0,3.0,5.0,21.0,
2022,february,february,february,32.6,8.5-15.7,53.8,1.4-4.4,31.3,5.1-6.5,78.9,14.0,8.8,0.5,1.1,2.5,4.2,23.4,
2022,Seg 31/1,emMIL,V136-100,28.0,7-9,77.8,2-4,50.0,2-2,100.0,10.0,15.0,1.0,3.0,1.0,5.0,18.0,
2022,Sáb 29/1,emNO,V116-105,30.0,11-19,57.9,3-6,50.0,4-4,100.0,13.0,10.0,0.0,2.0,5.0,6.0,29.0,
2022,Qui 27/1,emBKN,V124-118,35.0,8-13,61.5,2-2,100.0,8-8,100.0,10.0,8.0,0.0,1.0,5.0,2.0,26.0,
2022,Qua 26/1,emDET,V110-105,34.0,9-20,45.0,3-8,37.5,7-7,100.0,21.0,9.0,0.0,1.0,2.0,3.0,28.0,
2022,Seg 24/1,xDET,V117-111,36.0,12-19,63.2,1-6,16.7,9-10,90.0,9.0,8.0,1.0,2.0,1.0,3.0,34.0,
2022,Sáb 22/1,xMEM,D122-118,40.0,11-16,68.8,2-4,50.0,2-3,66.7,11.0,12.0,1.0,2.0,3.0,0.0,26.0,
2022,Qui 20/1,xLAC,V130-128 TE,41.0,16-25,64.0,3-5,60.0,14-16,87.5,14.0,10.0,1.0,3.0,4.0,5.0,49.0,
2022,Seg 17/1,xUTAH,D125-102,37.0,10-18,55.6,2-5,40.0,3-3,100.0,15.0,14.0,0.0,2.0,5.0,3.0,25.0,
2022,Dom 16/1,xLAL,V133-96,28.0,7-12,58.3,1-2,50.0,2-2,100.0,12.0,13.0,0.0,1.0,1.0,3.0,17.0,
2022,Sex 14/1,xPOR,V140-108,28.0,8-10,80.0,1-2,50.0,3-3,100.0,8.0,7.0,2.0,0.0,2.0,3.0,20.0,
2022,Qua 12/1,emLAC,D87-85,37.0,9-14,64.3,1-3,33.3,2-2,100.0,13.0,8.0,0.0,1.0,2.0,5.0,21.0,
2022,Seg 10/1,emOKC,V99-95,33.0,8-21,38.1,1-3,33.3,5-5,100.0,18.0,6.0,0.0,1.0,0.0,2.0,22.0,
2022,Sáb 8/1,xSAC,V121-111,34.0,13-20,65.0,3-6,50.0,4-8,50.0,10.0,7.0,2.0,2.0,3.0,2.0,33.0,
2022,Qui 6/1,xUTAH,D115-109,37.0,10-17,58.8,1-3,33.3,5-6,83.3,21.0,11.0,2.0,0.0,2.0,5.0,26.0,
2022,Ter 4/1,emDAL,D103-89,35.0,11-18,61.1,1-4,25.0,4-4,100.0,16.0,3.0,0.0,2.0,3.0,3.0,27.0,
2022,Dom 2/1,emHOU,V124-111,25.0,8-12,66.7,1-2,50.0,7-9,77.8,11.0,3.0,1.0,0.0,4.0,4.0,24.0,
2022,january,january,january,33.7,9.9-16.4,60.1,1.8-4.1,43.1,5.1-5.8,88.0,13.3,9.0,0.7,1.4,2.7,3.4,26.6,
2022,Qua 29/12,emGS,V89-86,35.0,8-19,42.1,0-5,0.0,6-8,75.0,19.0,5.0,1.0,4.0,2.0,8.0,22.0,
2022,Seg 27/12,emLAC,V103-100,38.0,9-24,37.5,1-3,33.3,7-7,100.0,22.0,8.0,2.0,2.0,4.0,4.0,26.0,
2022,Sex 24/12,xCHA,D115-107,35.0,13-34,38.2,1-6,16.7,2-3,66.7,21.0,5.0,0.0,2.0,0.0,6.0,29.0,
2022,Qui 23/12,emOKC,D108-94,25.0,5-9,55.6,1-4,25.0,2-2,100.0,7.0,3.0,2.0,0.0,0.0,3.0,13.0,
2022,Sáb 18/12,emATL,V133-115,26.0,8-12,66.7,1-2,50.0,3-3,100.0,10.0,7.0,0.0,3.0,5.0,3.0,20.0,
2022,Qui 16/12,xMIN,D124-107,35.0,11-16,68.8,2-4,50.0,3-5,60.0,10.0,11.0,0.0,1.0,4.0,4.0,27.0,
2022,Ter 14/12,xWSH,V113-107,31.0,9-14,64.3,1-2,50.0,9-11,81.8,19.0,9.0,1.0,3.0,0.0,4.0,28.0,
2022,Dom 12/12,emSA,V127-112,34.0,15-24,62.5,4-6,66.7,1-1,100.0,17.0,8.0,2.0,1.0,3.0,5.0,35.0,
2022,Sex 10/12,emSA,D123-111,35.0,8-19,42.1,2-8,25.0,4-4,100.0,13.0,10.0,1.0,2.0,3.0,2.0,22.0,
2022,Qui 9/12,emNO,V120-114 TE,37.0,17-23,73.9,0-3,0.0,5-9,55.6,11.0,11.0,0.0,1.0,2.0,6.0,39.0,
2022,Ter 7/12,emCHI,D109-97,36.0,6-17,35.3,1-5,20.0,4-6,66.7,12.0,15.0,0.0,2.0,2.0,3.0,17.0,
2022,Sáb 4/12,emNY,V113-99,27.0,14-19,73.7,3-7,42.9,1-1,100.0,11.0,5.0,0.0,0.0,0.0,4.0,32.0,
2022,Qui 2/12,emORL,D108-103,36.0,7-19,36.8,0-5,0.0,4-5,80.0,15.0,7.0,0.0,1.0,1.0,5.0,18.0,
2022,december,december,december,33.1,10.0-19.2,52.2,1.3-4.6,28.3,3.9-5.0,78.5,14.4,8.0,0.7,1.7,2.0,4.4,25.2,
2022,Ter 30/11,emMIA,V120-111,33.0,9-14,64.3,1-2,50.0,5-6,83.3,15.0,7.0,0.0,1.0,2.0,1.0,24.0,
2022,Sex 19/11,xPHI,D103-89,35.0,10-17,58.8,3-4,75.0,7-9,77.8,10.0,7.0,1.0,0.0,3.0,1.0,30.0,
2022,Ter 16/11,emDAL,D111-101,37.0,15-26,57.7,2-6,33.3,3-6,50.0,16.0,6.0,2.0,0.0,1.0,3.0,35.0,
2022,Seg 15/11,xPOR,V124-95,28.0,11-17,64.7,3-3,100.0,3-3,100.0,9.0,9.0,0.0,0.0,2.0,3.0,28.0,
2022,Sáb 13/11,xATL,V105-96,35.0,10-22,45.5,1-8,12.5,1-4,25.0,19.0,10.0,0.0,1.0,5.0,2.0,22.0,
2022,Ter 9/11,xMIA,V113-96,33.0,10-14,71.4,0-0,0.0,5-8,62.5,15.0,10.0,2.0,2.0,3.0,2.0,25.0,
2022,Sáb 6/11,xHOU,V95-94,36.0,9-15,60.0,1-3,33.3,9-11,81.8,14.0,2.0,1.0,2.0,5.0,5.0,28.0,
2022,Qui 4/11,emMEM,D108-106,35.0,11-20,55.0,2-5,40.0,10-10,100.0,11.0,5.0,0.0,2.0,3.0,2.0,34.0,
2022,Ter 2/11,emMEM,D106-97,33.0,9-15,60.0,2-6,33.3,3-4,75.0,7.0,7.0,4.0,0.0,2.0,3.0,23.0,
2022,november,november,november,34.0,10.4-17.8,58.8,1.7-4.1,40.5,5.1-6.8,75.4,12.9,7.0,1.1,0.9,2.9,2.4,27.7,
2022,Dom 31/10,emMIN,V93-91,37.0,10-23,43.5,3-8,37.5,3-4,75.0,19.0,7.0,2.0,1.0,2.0,7.0,26.0,
2022,Sáb 30/10,xDAL,V106-75,25.0,5-9,55.6,1-3,33.3,0-0,0.0,16.0,8.0,0.0,1.0,4.0,1.0,11.0,
2022,Qua 27/10,emUTAH,D122-110,15.0,8-9,88.9,3-3,100.0,5-7,71.4,6.0,6.0,0.0,0.0,1.0,1.0,24.0,
2022,Ter 26/10,xCLE,D99-87,35.0,9-15,60.0,1-4,25.0,5-6,83.3,19.0,3.0,0.0,3.0,3.0,6.0,24.0,
2022,Sáb 23/10,xSA,V102-96,34.0,14-19,73.7,2-2,100.0,2-3,66.7,16.0,7.0,1.0,3.0,4.0,6.0,32.0,
2022,Qui 21/10,emPHX,V110-98,35.0,13-22,59.1,1-6,16.7,0-0,0.0,13.0,2.0,0.0,2.0,3.0,3.0,27.0,
2022,october,october,october,30.0,9.8-16.2,60.8,1.8-4.3,42.3,2.5-3.3,75.0,14.8,5.5,0.5,1.7,2.8,4.0,24.0,
2023,Sáb 8/4,emUTAH,D118-114,27.0,2-5,40.0,0-1,0.0,2-2,100.0,10.0,10.0,0.0,2.0,2.0,4.0,6.0,
2023,Qua 5/4,emHOU,D124-103,25.0,7-13,53.8,0-2,0.0,0-1,0.0,10.0,4.0,3.0,2.0,1.0,8.0,14.0,
2023,april,april,april,25.5,4.5-9.0,50.0,0.0-1.5,0.0,1.0-1.5,66.7,10.0,7.0,1.5,2.0,1.5,6.0,10.0,
2023,Ter 28/3,xPHI,V116-111,35.0,8-11,72.7,0-0,0.0,9-11,81.8,17.0,12.0,2.0,0.0,3.0,3.0,25.0,
2023,Dom 26/3,xMIL,V129-106,32.0,10-20,50.0,1-6,16.7,10-11,90.9,6.0,11.0,0.0,1.0,2.0,3.0,31.0,
2023,Qua 22/3,emWSH,V118-104,34.0,12-16,75.0,2-3,66.7,5-5,100.0,12.0,7.0,0.0,3.0,1.0,2.0,31.0,
2023,Dom 19/3,emBKN,V108-102,36.0,9-12,75.0,0-0,0.0,4-4,100.0,17.0,10.0,0.0,2.0,5.0,1.0,22.0,
2023,Sáb 18/3,emNY,D116-110,37.0,11-18,61.1,1-5,20.0,1-1,100.0,10.0,8.0,1.0,0.0,2.0,6.0,24.0,
2023,Qui 16/3,emDET,V119-100,33.0,14-18,77.8,0-1,0.0,2-3,66.7,10.0,9.0,1.0,1.0,2.0,1.0,30.0,
2023,Ter 14/3,emTOR,D125-110,35.0,10-13,76.9,0-1,0.0,8-8,100.0,8.0,7.0,0.0,1.0,3.0,4.0,28.0,
2023,Dom 12/3,xBKN,D122-120,39.0,14-23,60.9,0-1,0.0,7-10,70.0,20.0,11.0,2.0,2.0,2.0,3.0,35.0,
2023,Sáb 11/3,emSA,D128-120,39.0,14-24,58.3,4-6,66.7,5-6,83.3,11.0,11.0,0.0,3.0,2.0,5.0,37.0,
2023,Qui 9/3,xCHI,D117-96,35.0,7-16,43.8,3-9,33.3,1-4,25.0,12.0,8.0,0.0,0.0,1.0,5.0,18.0,
2023,Ter 7/3,xTOR,V118-113,36.0,5-8,62.5,1-1,100.0,6-6,100.0,13.0,9.0,1.0,0.0,1.0,4.0,17.0,
2023,Sáb 4/3,xMEM,V113-97,35.0,7-10,70.0,0-0,0.0,4-6,66.7,18.0,10.0,1.0,0.0,5.0,2.0,18.0,
2023,march,march,march,35.5,10.1-15.8,64.0,1.0-2.8,36.4,5.2-6.3,82.7,12.8,9.4,0.7,1.1,2.4,3.3,26.3,
2023,Qua 1/3,emHOU,V133-112,28.0,7-11,63.6,0-0,0.0,0-1,0.0,11.0,10.0,0.0,0.0,2.0,4.0,14.0,
2023,Seg 27/2,xLAC,V134-124 TE,42.0,14-21,66.7,0-1,0.0,12-15,80.0,17.0,10.0,0.0,3.0,2.0,1.0,40.0,
2023,Dom 26/2,emMEM,D112-94,27.0,7-11,63.6,0-0,0.0,1-1,100.0,13.0,3.0,0.0,0.0,1.0,3.0,15.0,
2023,Sex 24/2,emCLE,V115-109,36.0,8-13,61.5,2-2,100.0,6-6,100.0,18.0,13.0,0.0,2.0,3.0,7.0,24.0,
2023,Seg 20/2,xGIA*,D184-175,20.0,2-4,50.0,0-1,0.0,0-0,0.0,5.0,6.0,0.0,2.0,0.0,2.0,4.0,
2023,Qui 16/2,xDAL,V118-109,34.0,6-9,66.7,0-0,0.0,2-3,66.7,13.0,10.0,1.0,1.0,2.0,5.0,14.0,
2023,Ter 14/2,emMIA,V112-108,34.0,12-14,85.7,0-0,0.0,3-3,100.0,12.0,8.0,0.0,0.0,3.0,0.0,27.0,
2023,Dom 12/2,emCHA,V119-105,34.0,11-22,50.0,0-0,0.0,8-9,88.9,16.0,10.0,2.0,0.0,1.0,4.0,30.0,
2023,Sex 10/2,emORL,D115-104,38.0,10-19,52.6,3-5,60.0,6-9,66.7,12.0,6.0,2.0,1.0,3.0,7.0,29.0,
2023,Qua 8/2,xMIN,V146-112,28.0,8-10,80.0,0-1,0.0,4-5,80.0,12.0,16.0,1.0,1.0,1.0,1.0,20.0,
2023,Dom 5/2,xATL,V128-108,34.0,5-8,62.5,0-1,0.0,4-5,80.0,18.0,10.0,2.0,1.0,3.0,5.0,14.0,
2023,Sex 3/2,xGS,V134-117,33.0,9-13,69.2,0-0,0.0,4-5,80.0,14.0,16.0,1.0,1.0,0.0,3.0,22.0,
2023,february,february,february,33.3,8.8-13.7,64.2,0.5-0.9,50.0,4.5-5.6,80.6,14.2,10.2,0.8,0.9,1.9,3.6,22.6,
2023,Qua 1/2,xNO,V122-113,38.0,10-14,71.4,1-3,33.3,5-5,100.0,18.0,15.0,1.0,1.0,2.0,5.0,26.0,
2023,Sáb 28/1,emPHI,D126-119,38.0,8-12,66.7,2-2,100.0,6-6,100.0,8.0,9.0,2.0,0.0,2.0,7.0,24.0,
2023,Qua 25/1,emNO,V99-98,36.0,11-15,73.3,2-4,50.0,1-2,50.0,11.0,10.0,0.0,1.0,2.0,3.0,25.0,
2023,Qui 19/1,xMIN,V122-118,31.0,12-20,60.0,0-0,0.0,7-7,100.0,11.0,13.0,0.0,1.0,5.0,3.0,31.0,
2023,Qua 18/1,xPOR,V122-113,34.0,13-14,92.9,1-2,50.0,9-10,90.0,12.0,10.0,1.0,1.0,2.0,4.0,36.0,
2023,Seg 16/1,xORL,V119-116,35.0,8-11,72.7,1-4,25.0,0-0,0.0,10.0,14.0,1.0,2.0,3.0,4.0,17.0,
2023,Qui 12/1,xPHX,V126-97,28.0,10-15,66.7,0-0,0.0,1-3,33.3,18.0,9.0,0.0,1.0,3.0,3.0,21.0,
2023,Ter 10/1,xLAL,V122-109,35.0,5-5,100.0,1-1,100.0,3-3,100.0,11.0,16.0,1.0,1.0,2.0,4.0,14.0,
2023,Sáb 7/1,xCLE,V121-108,35.0,10-17,58.8,3-4,75.0,5-5,100.0,15.0,10.0,0.0,2.0,4.0,4.0,28.0,
2023,Sex 6/1,xLAC,V122-91,24.0,4-8,50.0,0-1,0.0,4-5,80.0,6.0,9.0,0.0,1.0,0.0,2.0,12.0,
2023,Ter 3/1,emMIN,D124-111,33.0,10-20,50.0,1-3,33.3,3-4,75.0,7.0,9.0,0.0,2.0,4.0,5.0,24.0,
2023,Seg 2/1,xBOS,V123-111,32.0,10-13,76.9,2-2,100.0,8-8,100.0,12.0,12.0,0.0,1.0,1.0,0.0,30.0,
2023,january,january,january,33.4,9.3-13.7,67.7,1.2-2.2,53.8,4.3-4.8,89.7,11.6,11.3,0.5,1.2,2.5,3.7,24.0,
2023,Sáb 31/12,xMIA,V124-119,36.0,8-15,53.3,2-3,66.7,1-1,100.0,12.0,12.0,1.0,1.0,3.0,3.0,19.0,
2023,Qui 29/12,emSAC,D127-126,32.0,15-24,62.5,0-3,0.0,10-10,100.0,7.0,6.0,1.0,1.0,3.0,5.0,40.0,
2023,Qua 28/12,emSAC,V113-106,37.0,7-10,70.0,0-0,0.0,6-6,100.0,9.0,11.0,0.0,1.0,3.0,0.0,20.0,
2023,Seg 26/12,xPHX,V128-125 TE,44.0,16-25,64.0,2-4,50.0,7-9,77.8,15.0,15.0,1.0,0.0,4.0,3.0,41.0,
2023,Sáb 24/12,xPOR,V120-107,36.0,12-21,57.1,0-0,0.0,5-8,62.5,8.0,11.0,0.0,2.0,4.0,2.0,29.0,
2023,Qua 21/12,xMEM,V105-91,37.0,6-12,50.0,1-1,100.0,0-1,0.0,13.0,13.0,0.0,2.0,1.0,4.0,13.0,
2023,Seg 19/12,xCHA,V119-115,40.0,13-26,50.0,2-4,50.0,12-17,70.6,27.0,10.0,0.0,2.0,4.0,5.0,40.0,
2023,Sáb 17/12,emLAL,D126-108,35.0,8-15,53.3,1-3,33.3,8-9,88.9,11.0,8.0,0.0,4.0,3.0,5.0,25.0,
2023,Qui 15/12,xWSH,V141-128,33.0,17-20,85.0,0-2,0.0,9-10,90.0,14.0,8.0,1.0,5.0,2.0,8.0,43.0,
2023,Dom 11/12,xUTAH,V115-110,35.0,11-20,55.0,1-4,25.0,8-10,80.0,12.0,14.0,4.0,1.0,3.0,3.0,31.0,
2023,Sex 9/12,emPOR,V121-120,34.0,14-25,56.0,1-3,33.3,4-6,66.7,10.0,9.0,1.0,0.0,1.0,6.0,33.0,
2023,Qua 7/12,xDAL,D116-115,34.0,7-13,53.8,0-3,0.0,5-6,83.3,8.0,8.0,0.0,1.0,1.0,3.0,19.0,
2023,Dom 4/12,emNO,D121-106,37.0,13-19,68.4,1-4,25.0,5-9,55.6,16.0,9.0,1.0,2.0,4.0,4.0,32.0,
2023,Sáb 3/12,emATL,D117-109,35.0,10-15,66.7,3-6,50.0,1-4,25.0,10.0,8.0,0.0,1.0,2.0,2.0,24.0,
2023,december,december,december,36.2,11.2-18.6,60.4,1.0-2.9,35.0,5.8-7.6,76.4,12.3,10.1,0.7,1.6,2.7,3.8,29.2,
2023,Qui 1/12,xHOU,V120-100,28.0,7-9,77.8,2-3,66.7,1-1,100.0,9.0,12.0,1.0,1.0,5.0,4.0,17.0,
2023,Ter 29/11,xHOU,V129-113,27.0,11-17,64.7,1-2,50.0,9-10,90.0,12.0,8.0,0.0,0.0,2.0,3.0,32.0,
2023,Sáb 26/11,emLAC,V114-104,32.0,7-13,53.8,0-1,0.0,5-7,71.4,13.0,6.0,1.0,2.0,3.0,2.0,19.0,
2023,Qui 24/11,emOKC,V131-126 TE,43.0,11-15,73.3,1-3,33.3,16-18,88.9,10.0,9.0,0.0,0.0,5.0,4.0,39.0,
2023,Qua 23/11,xDET,D110-108,37.0,12-16,75.0,0-0,0.0,7-11,63.6,9.0,10.0,1.0,1.0,3.0,5.0,31.0,
2023,Seg 14/11,emCHI,V126-103,28.0,4-4,100.0,0-0,0.0,0-0,0.0,6.0,14.0,0.0,3.0,0.0,2.0,8.0,
2023,Sáb 12/11,emBOS,D131-112,30.0,12-20,60.0,2-4,50.0,3-4,75.0,8.0,3.0,0.0,0.0,4.0,2.0,29.0,
2023,Qui 10/11,emIND,V122-119,21.0,10-20,50.0,1-3,33.3,3-3,100.0,4.0,6.0,1.0,2.0,5.0,1.0,24.0,
2023,Ter 8/11,emSA,V115-109,34.0,11-20,55.0,0-1,0.0,4-5,80.0,8.0,10.0,3.0,2.0,2.0,4.0,26.0,
2023,Dom 6/11,xSA,V126-101,27.0,9-10,90.0,1-1,100.0,2-2,100.0,6.0,10.0,0.0,2.0,2.0,4.0,21.0,
2023,Sex 4/11,emOKC,V122-110,36.0,6-9,66.7,0-0,0.0,3-3,100.0,13.0,14.0,0.0,1.0,3.0,10.0,15.0,
2023,november,november,november,31.0,9.1-13.9,65.4,0.7-1.6,44.4,4.8-5.8,82.8,8.9,9.3,0.6,1.3,3.1,3.7,23.7,
2023,Seg 31/10,emLAL,D121-110,36.0,8-16,50.0,1-5,20.0,6-7,85.7,14.0,6.0,2.0,0.0,0.0,2.0,23.0,
2023,Sáb 29/10,xUTAH,V117-101,25.0,3-10,30.0,0-4,0.0,6-8,75.0,10.0,6.0,1.0,1.0,1.0,1.0,12.0,
2023,Qui 27/10,xLAL,V110-99,35.0,12-17,70.6,0-4,0.0,7-7,100.0,13.0,9.0,0.0,4.0,3.0,3.0,31.0,
2023,Ter 25/10,emPOR,D135-110,27.0,3-4,75.0,0-0,0.0,3-3,100.0,9.0,9.0,0.0,0.0,5.0,1.0,9.0,
2023,Dom 23/10,xOKC,V122-117,39.0,6-10,60.0,1-1,100.0,6-9,66.7,16.0,13.0,1.0,1.0,2.0,3.0,19.0,
2023,Sáb 22/10,emGS,V128-123,34.0,7-13,53.8,1-2,50.0,11-11,100.0,12.0,10.0,0.0,0.0,4.0,5.0,26.0,
2023,Qui 20/10,emUTAH,D123-102,33.0,12-17,70.6,1-3,33.3,2-2,100.0,4.0,6.0,0.0,3.0,4.0,3.0,27.0,
2023,october,october,october,32.9,7.3-12.4,58.6,0.6-2.7,21.1,5.9-6.7,87.2,11.1,8.4,0.6,1.3,2.7,2.6,21.0,
