Temporada,Minutos,FG,FG%,3PT,3P%,FT,FT%,Rebotes,Assistencias,Bloqueios,Desarmes,Faltas,Tunovers,Pontos,V_D,Placar,Casa_Fora,Adversario,Dia_semana,Mes
2016,35.0,7-10,70.0,1-2,50.0,3-3,100.0,13.0,5.0,0.0,0.0,3.0,2.0,18.0,D,107-99,fora,POR,3,4
2016,36.0,7-9,77.8,0-2,0.0,5-6,83.3,11.0,4.0,1.0,2.0,4.0,1.0,19.0,D,100-84,casa,UTAH,6,4
2016,32.0,3-9,33.3,0-2,0.0,2-2,100.0,15.0,4.0,1.0,1.0,2.0,0.0,8.0,V,102-98,casa,SA,5,4
2016,19.0,3-5,60.0,1-3,33.3,0-0,0.0,2.0,2.0,2.0,0.0,2.0,0.0,7.0,D,124-102,casa,OKC,2,4
2016,32.0,2-6,33.3,0-1,0.0,2-2,100.0,13.0,5.0,2.0,1.0,2.0,0.0,6.0,D,115-106,casa,SAC,6,4
2016,23.0,4-7,57.1,1-3,33.3,0-0,0.0,8.0,3.0,1.0,1.0,1.0,1.0,9.0,D,101-95,fora,NO,4,4
2016,29.0,4-6,66.7,1-1,100.0,0-0,0.0,14.0,1.0,1.0,0.0,5.0,1.0,9.0,V,109-105,fora,MEM,3,3
2016,24.0,1-7,14.3,0-2,0.0,0-0,0.0,8.0,2.0,0.0,2.0,2.0,3.0,2.0,D,97-88,casa,DAL,1,3
2016,21.0,2-7,28.6,0-1,0.0,1-2,50.0,9.0,2.0,0.0,1.0,1.0,0.0,5.0,D,105-90,fora,LAC,6,3
2016,22.0,4-9,44.4,0-2,0.0,0-0,0.0,12.0,4.0,0.0,0.0,3.0,1.0,8.0,V,116-105,fora,LAL,5,3
2016,27.0,5-6,83.3,0-0,0.0,8-12,66.7,8.0,5.0,0.0,1.0,1.0,1.0,18.0,V,104-103,casa,PHI,3,3
2016,23.0,4-12,33.3,0-1,0.0,3-3,100.0,4.0,3.0,0.0,3.0,2.0,2.0,11.0,D,124-91,fora,CLE,0,3
2016,25.0,5-16,31.3,1-2,50.0,0-0,0.0,14.0,4.0,1.0,0.0,6.0,1.0,11.0,V,101-93,fora,CHA,5,3
2016,22.0,4-7,57.1,0-1,0.0,0-0,0.0,5.0,2.0,1.0,1.0,2.0,1.0,8.0,D,116-98,fora,ATL,4,3
2016,25.0,5-8,62.5,1-1,100.0,3-3,100.0,6.0,4.0,1.0,1.0,3.0,2.0,14.0,D,116-110,fora,ORL,1,3
2016,28.0,5-10,50.0,1-2,50.0,1-2,50.0,8.0,4.0,1.0,2.0,2.0,1.0,12.0,D,124-119,fora,MIA,0,3
2016,17.0,0-0,0.0,0-0,0.0,0-0,0.0,5.0,3.0,0.0,0.0,4.0,2.0,0.0,V,116-100,casa,WSH,6,3
2016,27.0,6-8,75.0,1-2,50.0,5-5,100.0,10.0,4.0,3.0,2.0,4.0,0.0,18.0,V,116-98,casa,PHX,4,3
2016,34.0,9-20,45.0,0-1,0.0,2-4,50.0,9.0,3.0,1.0,1.0,0.0,1.0,20.0,V,110-94,casa,NY,2,3
2016,21.0,4-11,36.4,0-2,0.0,5-5,100.0,12.0,3.0,1.0,2.0,4.0,3.0,13.0,V,116-114,casa,DAL,6,3
2016,34.0,6-14,42.9,0-2,0.0,3-3,100.0,12.0,4.0,1.0,1.0,5.0,2.0,15.0,D,121-120,casa,BKN,5,3
2016,28.0,3-8,37.5,1-2,50.0,7-8,87.5,6.0,3.0,2.0,0.0,5.0,1.0,14.0,V,117-107,casa,LAL,3,3
2016,19.0,3-4,75.0,0-0,0.0,4-4,100.0,6.0,3.0,1.0,1.0,2.0,3.0,10.0,D,103-96,casa,MEM,1,3
2016,11.0,2-4,50.0,0-0,0.0,1-2,50.0,4.0,2.0,0.0,0.0,3.0,1.0,5.0,D,122-116,fora,DAL,5,2
2016,26.0,3-9,33.3,1-4,25.0,0-0,0.0,11.0,3.0,1.0,1.0,2.0,3.0,7.0,V,87-81,fora,LAC,3,2
2016,20.0,4-8,50.0,1-2,50.0,4-4,100.0,13.0,6.0,0.0,2.0,5.0,2.0,13.0,D,114-110,casa,SAC,2,2
2016,30.0,10-15,66.7,1-2,50.0,2-2,100.0,13.0,4.0,0.0,2.0,4.0,4.0,23.0,D,121-101,casa,BOS,6,2
2016,4.0,0-0,0.0,0-0,0.0,0-0,0.0,1.0,0.0,0.0,0.0,4.0,1.0,0.0,D,116-110,fora,SAC,5,2
2016,25.0,2-7,28.6,0-1,0.0,1-1,100.0,6.0,2.0,0.0,1.0,0.0,1.0,5.0,V,103-92,fora,DET,3,2
2016,14.0,1-5,20.0,0-1,0.0,0-0,0.0,3.0,0.0,0.0,1.0,2.0,1.0,2.0,D,105-104,fora,BKN,1,2
2016,19.0,4-9,44.4,1-1,100.0,4-4,100.0,6.0,0.0,0.0,1.0,3.0,1.0,13.0,V,101-96,fora,NY,6,2
2016,26.0,6-14,42.9,2-2,100.0,2-2,100.0,12.0,3.0,2.0,0.0,6.0,1.0,16.0,V,115-110,casa,CHI,5,2
2016,29.0,3-9,33.3,1-2,50.0,1-2,50.0,6.0,4.0,0.0,2.0,5.0,0.0,8.0,D,85-81,fora,UTAH,3,2
2016,30.0,12-18,66.7,1-3,33.3,2-4,50.0,14.0,4.0,1.0,0.0,3.0,2.0,27.0,V,112-93,casa,TOR,1,2
2016,35.0,7-15,46.7,1-2,50.0,1-1,100.0,11.0,2.0,0.0,5.0,4.0,3.0,16.0,D,109-105,fora,IND,6,1
2016,25.0,7-12,58.3,0-1,0.0,1-3,33.3,10.0,3.0,1.0,1.0,5.0,0.0,15.0,V,117-113,fora,WSH,4,1
2016,19.0,1-6,16.7,0-0,0.0,1-2,50.0,7.0,4.0,1.0,1.0,2.0,3.0,3.0,D,111-103,fora,BOS,3,1
2016,18.0,5-7,71.4,0-1,0.0,5-6,83.3,10.0,3.0,1.0,2.0,2.0,0.0,15.0,D,119-105,casa,ATL,1,1
2016,32.0,7-11,63.6,1-1,100.0,2-2,100.0,5.0,3.0,3.0,2.0,3.0,0.0,17.0,V,104-101,casa,DET,6,1
2016,14.0,2-3,66.7,0-0,0.0,5-5,100.0,2.0,2.0,0.0,2.0,3.0,0.0,9.0,D,102-101,casa,MEM,4,1
2016,19.0,2-4,50.0,0-1,0.0,2-2,100.0,3.0,1.0,0.0,1.0,2.0,1.0,6.0,D,110-104,casa,OKC,2,1
2016,24.0,6-11,54.5,1-3,33.3,5-6,83.3,2.0,3.0,0.0,4.0,2.0,1.0,18.0,V,129-126,casa,IND,0,1
2016,18.0,4-7,57.1,0-0,0.0,1-1,100.0,6.0,5.0,1.0,0.0,2.0,1.0,9.0,D,98-95,casa,MIA,5,1
2016,16.0,3-6,50.0,0-1,0.0,0-0,0.0,7.0,2.0,0.0,3.0,4.0,1.0,6.0,V,112-110,casa,GS,3,1
2016,23.0,2-4,50.0,0-1,0.0,0-0,0.0,7.0,9.0,1.0,0.0,1.0,1.0,4.0,V,95-92,casa,CHA,0,1
2016,19.0,4-4,100.0,1-1,100.0,0-0,0.0,5.0,1.0,0.0,0.0,2.0,1.0,9.0,D,91-84,fora,MEM,5,1
2016,26.0,2-5,40.0,0-1,0.0,0-0,0.0,5.0,3.0,0.0,0.0,1.0,2.0,4.0,V,78-74,fora,MIN,3,1
2016,22.0,3-7,42.9,0-1,0.0,3-4,75.0,10.0,2.0,1.0,2.0,5.0,2.0,9.0,D,112-106,casa,POR,0,1
2016,5.0,0-0,0.0,0-0,0.0,0-0,0.0,1.0,1.0,0.0,0.0,2.0,2.0,0.0,D,111-108,fora,GS,6,1
2016,18.0,3-6,50.0,0-0,0.0,4-4,100.0,6.0,1.0,2.0,0.0,0.0,2.0,10.0,D,110-103,fora,POR,3,12
2016,22.0,4-11,36.4,0-0,0.0,2-3,66.7,7.0,1.0,1.0,1.0,6.0,2.0,10.0,D,93-87,casa,CLE,2,12
2016,17.0,3-7,42.9,1-1,100.0,0-0,0.0,3.0,2.0,0.0,1.0,4.0,2.0,7.0,D,122-112,fora,OKC,0,12
2016,26.0,10-19,52.6,1-2,50.0,1-2,50.0,7.0,5.0,1.0,1.0,4.0,3.0,22.0,D,101-86,fora,SA,6,12
2016,22.0,5-7,71.4,1-2,50.0,2-2,100.0,9.0,2.0,0.0,1.0,3.0,2.0,13.0,V,104-96,fora,PHX,3,12
2016,30.0,5-7,71.4,0-0,0.0,5-6,83.3,10.0,5.0,0.0,0.0,1.0,3.0,15.0,D,111-107,casa,LAL,2,12
2016,23.0,6-8,75.0,0-1,0.0,1-2,50.0,3.0,2.0,1.0,0.0,2.0,0.0,13.0,D,130-125,casa,NO,0,12
2016,21.0,1-5,20.0,0-2,0.0,5-6,83.3,10.0,0.0,0.0,1.0,3.0,2.0,7.0,D,97-88,fora,UTAH,5,12
2016,21.0,3-4,75.0,0-0,0.0,0-0,0.0,3.0,2.0,2.0,2.0,3.0,2.0,6.0,V,112-100,fora,MIN,2,12
2016,22.0,3-3,100.0,0-0,0.0,3-3,100.0,7.0,1.0,0.0,1.0,1.0,1.0,9.0,V,114-108,casa,HOU,1,12
2016,25.0,5-10,50.0,1-2,50.0,8-8,100.0,6.0,4.0,0.0,1.0,5.0,2.0,19.0,V,111-108,casa,MIN,5,12
2016,17.0,2-6,33.3,0-0,0.0,0-0,0.0,4.0,1.0,0.0,0.0,1.0,0.0,4.0,D,85-74,casa,ORL,2,12
2016,14.0,4-7,57.1,0-0,0.0,0-0,0.0,6.0,0.0,0.0,0.0,0.0,0.0,8.0,V,106-105,fora,TOR,4,12
2016,10.0,3-6,50.0,1-1,100.0,0-0,0.0,3.0,0.0,1.0,0.0,1.0,0.0,7.0,D,99-90,fora,CHI,3,12
2016,25.0,4-7,57.1,0-1,0.0,0-2,0.0,6.0,2.0,2.0,0.0,1.0,1.0,8.0,D,92-74,fora,MIL,1,12
2016,19.0,2-3,66.7,1-1,100.0,3-4,75.0,6.0,0.0,0.0,1.0,3.0,3.0,8.0,D,92-81,fora,DAL,6,11
2016,12.0,3-4,75.0,0-0,0.0,0-0,0.0,2.0,0.0,0.0,0.0,4.0,3.0,6.0,D,91-80,casa,SA,5,11
2016,24.0,7-13,53.8,0-1,0.0,2-3,66.7,6.0,2.0,0.0,0.0,5.0,1.0,16.0,D,111-94,casa,LAC,2,11
2016,27.0,3-7,42.9,0-0,0.0,5-7,71.4,11.0,2.0,1.0,2.0,0.0,1.0,11.0,D,118-105,casa,GS,0,11
2016,18.0,2-6,33.3,0-1,0.0,2-2,100.0,4.0,1.0,0.0,1.0,3.0,0.0,6.0,D,114-107,casa,PHX,5,11
2016,32.0,8-13,61.5,1-1,100.0,6-6,100.0,12.0,0.0,3.0,2.0,2.0,0.0,23.0,D,109-98,fora,SA,3,11
2016,1.0,0-0,0.0,0-0,0.0,0-0,0.0,1.0,0.0,0.0,0.0,0.0,0.0,0.0,V,115-98,fora,NO,2,11
2016,18.0,2-3,66.7,0-0,0.0,0-0,0.0,6.0,0.0,0.0,3.0,3.0,0.0,4.0,D,105-81,fora,PHX,6,11
2016,6.0,1-3,33.3,0-1,0.0,1-2,50.0,5.0,0.0,0.0,0.0,2.0,1.0,3.0,V,107-98,casa,HOU,5,11
2016,14.0,4-7,57.1,0-0,0.0,0-1,0.0,5.0,4.0,0.0,2.0,0.0,2.0,8.0,V,103-102,casa,MIL,3,11
2016,16.0,3-3,100.0,0-0,0.0,4-4,100.0,2.0,1.0,0.0,2.0,2.0,1.0,10.0,V,108-104,casa,POR,1,11
2016,17.0,2-4,50.0,0-0,0.0,0-2,0.0,4.0,1.0,1.0,1.0,1.0,1.0,4.0,D,119-104,fora,GS,5,11
2016,18.0,1-4,25.0,0-0,0.0,3-4,75.0,3.0,0.0,1.0,0.0,1.0,1.0,5.0,D,96-84,casa,UTAH,4,11
2016,24.0,4-9,44.4,0-0,0.0,0-0,0.0,4.0,0.0,0.0,0.0,2.0,1.0,8.0,D,117-93,fora,OKC,0,11
2016,18.0,5-8,62.5,0-0,0.0,0-0,0.0,9.0,1.0,0.0,0.0,3.0,2.0,10.0,D,95-78,casa,MIN,5,10
2016,4.0,1-1,100.0,0-0,0.0,0-0,0.0,0.0,0.0,0.0,0.0,0.0,1.0,2.0,V,105-85,fora,HOU,3,10
2017,40.0,9-14,64.3,0-0,0.0,11-14,78.6,16.0,8.0,5.0,1.0,4.0,4.0,29.0,V,111-105,fora,OKC,3,4
2017,20.0,3-6,50.0,1-3,33.3,0-0,0.0,8.0,4.0,0.0,0.0,2.0,1.0,7.0,V,109-91,fora,DAL,2,4
2017,31.0,8-16,50.0,1-5,20.0,6-6,100.0,6.0,3.0,1.0,1.0,5.0,3.0,23.0,D,106-105,casa,OKC,6,4
2017,29.0,9-13,69.2,2-2,100.0,3-4,75.0,12.0,5.0,0.0,2.0,1.0,7.0,23.0,V,122-106,casa,NO,5,4
2017,34.0,6-17,35.3,0-5,0.0,0-0,0.0,19.0,9.0,1.0,5.0,3.0,2.0,12.0,D,110-104,fora,HOU,3,4
2017,34.0,10-18,55.6,0-2,0.0,1-2,50.0,12.0,4.0,0.0,0.0,2.0,1.0,21.0,V,134-131,fora,NO,2,4
2017,35.0,9-16,56.3,0-2,0.0,1-1,100.0,10.0,7.0,0.0,2.0,2.0,1.0,19.0,V,116-113,fora,MIA,6,4
2017,37.0,11-16,68.8,2-3,66.7,2-3,66.7,13.0,10.0,0.0,0.0,4.0,2.0,26.0,D,122-114,fora,CHA,4,3
2017,36.0,7-14,50.0,1-6,16.7,2-2,100.0,8.0,8.0,2.0,0.0,4.0,3.0,17.0,D,122-113,fora,POR,2,3
2017,18.0,4-14,28.6,0-3,0.0,0-0,0.0,13.0,2.0,0.0,0.0,3.0,0.0,8.0,D,115-90,casa,NO,0,3
2017,34.0,12-18,66.7,1-2,50.0,5-5,100.0,16.0,5.0,0.0,1.0,2.0,4.0,30.0,V,125-117,fora,IND,4,3
2017,29.0,8-10,80.0,0-0,0.0,0-0,0.0,10.0,7.0,0.0,0.0,2.0,3.0,16.0,V,126-113,casa,CLE,3,3
2017,40.0,7-14,50.0,0-3,0.0,8-8,100.0,13.0,8.0,1.0,0.0,3.0,5.0,22.0,D,125-124,fora,HOU,1,3
2017,22.0,7-14,50.0,1-2,50.0,1-1,100.0,5.0,4.0,1.0,0.0,5.0,3.0,16.0,D,109-105,casa,HOU,6,3
2017,30.0,7-12,58.3,0-1,0.0,3-3,100.0,14.0,10.0,0.0,0.0,2.0,2.0,17.0,V,129-114,casa,LAC,4,3
2017,24.0,8-13,61.5,0-3,0.0,2-2,100.0,9.0,4.0,0.0,1.0,2.0,1.0,18.0,V,129-101,casa,LAL,1,3
2017,30.0,7-12,58.3,1-3,33.3,5-5,100.0,14.0,2.0,0.0,2.0,1.0,2.0,20.0,V,105-92,fora,SAC,6,3
2017,27.0,8-10,80.0,1-2,50.0,4-6,66.7,10.0,7.0,1.0,4.0,4.0,7.0,21.0,V,119-99,casa,BOS,5,3
2017,33.0,13-15,86.7,0-0,0.0,5-8,62.5,14.0,4.0,0.0,1.0,1.0,4.0,31.0,D,112-102,casa,CHA,6,3
2017,30.0,6-10,60.0,0-0,0.0,1-2,50.0,14.0,10.0,0.0,1.0,1.0,3.0,13.0,V,110-98,fora,MIL,3,3
2017,33.0,6-10,60.0,3-3,100.0,4-4,100.0,16.0,10.0,1.0,0.0,1.0,3.0,19.0,V,125-107,fora,CHI,2,3
2017,33.0,5-11,45.5,0-2,0.0,0-0,0.0,11.0,6.0,1.0,1.0,3.0,2.0,10.0,D,105-98,casa,MEM,6,2
2017,15.0,1-1,100.0,0-0,0.0,0-0,0.0,5.0,7.0,1.0,1.0,4.0,4.0,2.0,V,129-109,casa,BKN,5,2
2017,26.0,2-7,28.6,0-2,0.0,0-0,0.0,11.0,2.0,0.0,0.0,3.0,1.0,4.0,D,116-100,fora,SAC,4,2
2017,34.0,6-19,31.6,2-5,40.0,1-2,50.0,14.0,4.0,3.0,1.0,5.0,2.0,15.0,D,112-99,casa,MIN,3,2
2017,36.0,7-13,53.8,0-0,0.0,3-4,75.0,21.0,12.0,0.0,2.0,3.0,6.0,17.0,V,132-110,casa,GS,1,2
2017,38.0,9-18,50.0,1-2,50.0,8-10,80.0,13.0,4.0,2.0,0.0,2.0,5.0,27.0,D,125-109,fora,CLE,6,2
2017,37.0,17-23,73.9,2-3,66.7,4-5,80.0,9.0,5.0,0.0,2.0,2.0,2.0,40.0,V,131-123,fora,NY,5,2
2017,34.0,8-17,47.1,2-3,66.7,0-0,0.0,15.0,3.0,0.0,0.0,4.0,0.0,18.0,D,117-106,fora,ATL,3,2
2017,24.0,5-9,55.6,0-1,0.0,3-3,100.0,4.0,9.0,0.0,1.0,5.0,2.0,13.0,V,110-87,casa,DAL,1,2
2017,15.0,5-9,55.6,1-2,50.0,0-0,0.0,1.0,2.0,0.0,0.0,3.0,5.0,11.0,D,121-97,fora,SA,6,2
2017,32.0,8-15,53.3,2-4,50.0,2-2,100.0,12.0,11.0,0.0,1.0,0.0,2.0,20.0,V,121-117,casa,MIL,5,2
2017,36.0,12-21,57.1,0-2,0.0,5-6,83.3,14.0,8.0,2.0,1.0,2.0,3.0,29.0,V,127-120,casa,PHX,4,1
2017,35.0,9-15,60.0,0-4,0.0,5-5,100.0,11.0,6.0,3.0,2.0,3.0,4.0,23.0,V,103-93,casa,UTAH,2,1
2017,27.0,8-15,53.3,0-3,0.0,2-2,100.0,9.0,4.0,2.0,2.0,5.0,4.0,18.0,D,111-108,fora,MIN,0,1
2017,21.0,8-11,72.7,2-3,66.7,1-1,100.0,10.0,3.0,0.0,0.0,3.0,3.0,19.0,V,123-98,casa,LAC,6,1
2017,38.0,14-22,63.6,2-4,50.0,5-5,100.0,12.0,4.0,2.0,0.0,2.0,3.0,35.0,D,118-104,fora,SA,4,1
2017,34.0,12-22,54.5,1-5,20.0,4-6,66.7,15.0,1.0,3.0,0.0,3.0,2.0,29.0,V,127-121,fora,LAL,2,1
2017,36.0,13-19,68.4,1-2,50.0,3-5,60.0,11.0,5.0,1.0,3.0,2.0,2.0,30.0,V,125-112,casa,ORL,0,1
2017,30.0,7-11,63.6,2-3,66.7,6-6,100.0,10.0,8.0,1.0,1.0,1.0,3.0,22.0,V,140-112,casa,IND,3,1
2017,27.0,8-10,80.0,0-0,0.0,3-4,75.0,11.0,5.0,0.0,1.0,2.0,3.0,19.0,D,127-99,casa,SA,4,1
2017,28.0,7-11,63.6,1-2,50.0,3-3,100.0,6.0,5.0,1.0,1.0,3.0,1.0,18.0,D,120-113,casa,SAC,2,1
2017,25.0,8-17,47.1,1-2,50.0,4-4,100.0,13.0,5.0,0.0,1.0,2.0,2.0,21.0,D,127-119,fora,GS,1,1
2017,22.0,9-13,69.2,0-0,0.0,7-9,77.8,7.0,4.0,0.0,0.0,5.0,2.0,25.0,D,124-122,casa,PHI,5,12
2017,34.0,6-12,50.0,0-2,0.0,4-5,80.0,8.0,11.0,1.0,0.0,3.0,2.0,16.0,V,105-103,casa,MIN,3,12
2017,32.0,11-16,68.8,2-3,66.7,0-1,0.0,10.0,4.0,0.0,3.0,4.0,2.0,24.0,V,106-102,fora,LAC,1,12
2017,19.0,3-4,75.0,1-1,100.0,1-2,50.0,7.0,6.0,3.0,0.0,6.0,5.0,8.0,D,109-108,casa,ATL,5,12
2017,21.0,4-7,57.1,0-2,0.0,1-2,50.0,6.0,1.0,0.0,0.0,3.0,2.0,9.0,D,119-102,fora,LAC,2,12
2017,38.0,13-17,76.5,1-1,100.0,0-0,0.0,17.0,9.0,0.0,1.0,1.0,3.0,27.0,V,117-107,casa,DAL,1,12
2017,20.0,5-8,62.5,0-0,0.0,0-0,0.0,9.0,5.0,0.0,0.0,5.0,1.0,10.0,V,127-114,casa,NY,6,12
2017,19.0,5-6,83.3,1-1,100.0,2-3,66.7,4.0,5.0,0.0,0.0,5.0,1.0,13.0,V,132-120,casa,POR,4,12
2017,26.0,10-12,83.3,0-0,0.0,7-7,100.0,11.0,4.0,1.0,1.0,1.0,1.0,27.0,D,112-92,fora,DAL,1,12
2017,26.0,6-11,54.5,0-3,0.0,2-2,100.0,6.0,6.0,2.0,1.0,3.0,1.0,14.0,V,121-113,fora,ORL,6,12
2017,28.0,6-10,60.0,0-0,0.0,5-7,71.4,11.0,1.0,1.0,0.0,1.0,4.0,17.0,D,92-85,fora,WSH,4,12
2017,21.0,5-7,71.4,0-0,0.0,4-4,100.0,10.0,3.0,1.0,0.0,3.0,1.0,14.0,D,116-111,fora,BKN,3,12
2017,24.0,7-11,63.6,0-0,0.0,3-4,75.0,14.0,3.0,0.0,1.0,3.0,1.0,17.0,D,106-98,casa,MIA,3,12
2017,31.0,3-8,37.5,1-2,50.0,6-6,100.0,11.0,3.0,1.0,0.0,2.0,1.0,13.0,V,120-114,fora,PHX,6,11
2017,29.0,3-7,42.9,1-2,50.0,0-0,0.0,6.0,5.0,2.0,0.0,5.0,3.0,7.0,D,132-129,casa,OKC,5,11
2017,23.0,4-6,66.7,0-0,0.0,1-2,50.0,5.0,6.0,0.0,0.0,4.0,0.0,9.0,D,108-83,fora,UTAH,3,11
2017,18.0,3-5,60.0,0-0,0.0,2-2,100.0,8.0,3.0,1.0,1.0,1.0,0.0,8.0,V,110-107,casa,CHI,2,11
2017,21.0,5-8,62.5,1-1,100.0,1-2,50.0,6.0,4.0,1.0,0.0,3.0,0.0,12.0,V,105-91,casa,UTAH,0,11
2017,27.0,4-8,50.0,0-2,0.0,0-0,0.0,12.0,4.0,2.0,0.0,3.0,3.0,8.0,D,113-111,casa,TOR,5,11
2017,19.0,3-4,75.0,0-0,0.0,4-5,80.0,2.0,2.0,0.0,0.0,3.0,1.0,10.0,V,120-104,casa,PHX,3,11
2017,26.0,0-3,0.0,0-0,0.0,0-0,0.0,5.0,3.0,1.0,1.0,5.0,2.0,0.0,D,112-105,fora,POR,0,11
2017,20.0,2-7,28.6,0-0,0.0,2-2,100.0,3.0,1.0,0.0,1.0,1.0,1.0,6.0,D,106-95,casa,DET,6,11
2017,18.0,1-5,20.0,0-3,0.0,2-2,100.0,3.0,2.0,0.0,1.0,3.0,0.0,4.0,D,125-101,casa,GS,4,11
2017,28.0,4-10,40.0,1-3,33.3,3-4,75.0,5.0,2.0,0.0,2.0,4.0,0.0,12.0,D,108-107,fora,MEM,2,11
2017,22.0,4-5,80.0,0-1,0.0,1-1,100.0,5.0,2.0,1.0,1.0,2.0,1.0,9.0,V,123-107,fora,BOS,0,11
2017,23.0,3-9,33.3,0-0,0.0,0-0,0.0,6.0,0.0,1.0,1.0,3.0,1.0,6.0,D,103-86,fora,DET,5,11
2017,14.0,3-3,100.0,0-0,0.0,2-4,50.0,3.0,5.0,0.0,0.0,3.0,1.0,8.0,V,102-99,fora,MIN,4,11
2017,22.0,6-9,66.7,0-1,0.0,0-0,0.0,4.0,1.0,0.0,0.0,4.0,4.0,12.0,D,105-102,fora,TOR,0,10
2017,34.0,10-20,50.0,1-5,20.0,2-3,66.7,17.0,2.0,1.0,4.0,5.0,1.0,23.0,D,115-113,casa,POR,6,10
2017,21.0,2-5,40.0,1-2,50.0,0-0,0.0,7.0,2.0,0.0,0.0,4.0,4.0,5.0,V,107-102,fora,NO,3,10
2018,46.0,14-25,56.0,4-7,57.1,3-4,75.0,10.0,3.0,0.0,1.0,4.0,3.0,35.0,D,112-106,fora,MIN,3,4
2018,38.0,5-14,35.7,1-4,25.0,4-4,100.0,20.0,11.0,1.0,2.0,2.0,2.0,15.0,V,88-82,casa,POR,1,4
2018,34.0,9-14,64.3,1-2,50.0,4-5,80.0,11.0,11.0,1.0,2.0,2.0,2.0,23.0,V,134-115,fora,LAC,5,4
2018,36.0,6-20,30.0,1-6,16.7,3-3,100.0,14.0,9.0,1.0,1.0,5.0,2.0,16.0,V,100-96,casa,MIN,4,4
2018,38.0,11-17,64.7,4-6,66.7,4-6,66.7,6.0,7.0,1.0,4.0,3.0,4.0,30.0,V,107-104,casa,IND,2,4
2018,44.0,14-24,58.3,2-5,40.0,5-5,100.0,13.0,5.0,3.0,0.0,4.0,4.0,35.0,V,128-125,casa,MIL,0,4
2018,41.0,11-22,50.0,1-6,16.7,0-0,0.0,16.0,6.0,2.0,1.0,3.0,4.0,23.0,V,126-125,fora,OKC,5,3
2018,40.0,11-21,52.4,3-7,42.9,4-4,100.0,16.0,8.0,1.0,2.0,2.0,3.0,29.0,D,114-110,fora,TOR,1,3
2018,31.0,4-14,28.6,1-2,50.0,5-6,83.3,7.0,4.0,1.0,1.0,4.0,2.0,14.0,D,123-104,fora,PHI,0,3
2018,37.0,10-21,47.6,3-6,50.0,2-2,100.0,8.0,5.0,1.0,0.0,2.0,2.0,25.0,V,108-100,fora,WSH,4,3
2018,24.0,9-11,81.8,2-2,100.0,1-1,100.0,7.0,5.0,0.0,0.0,1.0,1.0,21.0,V,135-102,fora,CHI,3,3
2018,47.0,12-22,54.5,4-5,80.0,6-6,100.0,15.0,3.0,0.0,1.0,5.0,5.0,34.0,D,149-141,fora,MIA,0,3
2018,35.0,5-15,33.3,1-4,25.0,6-8,75.0,13.0,2.0,2.0,3.0,3.0,1.0,17.0,D,101-94,fora,MEM,6,3
2018,38.0,8-15,53.3,2-5,40.0,5-6,83.3,12.0,10.0,3.0,3.0,5.0,2.0,23.0,V,120-113,casa,DET,4,3
2018,27.0,5-8,62.5,2-5,40.0,3-3,100.0,9.0,5.0,0.0,1.0,3.0,4.0,15.0,D,112-103,fora,LAL,2,3
2018,30.0,8-10,80.0,4-4,100.0,0-0,0.0,11.0,10.0,1.0,2.0,1.0,2.0,20.0,V,130-104,casa,SAC,6,3
2018,33.0,8-14,57.1,1-3,33.3,4-4,100.0,6.0,6.0,0.0,2.0,2.0,3.0,21.0,V,125-116,casa,LAL,5,3
2018,34.0,12-14,85.7,2-3,66.7,10-11,90.9,13.0,6.0,0.0,0.0,2.0,5.0,36.0,D,113-108,casa,CLE,3,3
2018,26.0,2-9,22.2,0-4,0.0,0-1,0.0,9.0,5.0,1.0,2.0,0.0,1.0,4.0,D,118-107,fora,DAL,2,3
2018,32.0,3-8,37.5,1-2,50.0,2-3,66.7,7.0,8.0,1.0,0.0,2.0,2.0,9.0,V,126-117,fora,CLE,6,3
2018,33.0,2-5,40.0,0-1,0.0,5-7,71.4,9.0,5.0,0.0,1.0,5.0,5.0,9.0,V,108-102,fora,MEM,5,3
2018,28.0,4-5,80.0,2-3,66.7,8-8,100.0,6.0,4.0,1.0,1.0,4.0,5.0,18.0,D,122-120,casa,LAC,2,2
2018,31.0,7-18,38.9,0-1,0.0,7-9,77.8,14.0,8.0,1.0,1.0,4.0,3.0,21.0,D,119-114,casa,HOU,0,2
2018,34.0,10-16,62.5,3-5,60.0,5-7,71.4,11.0,11.0,0.0,0.0,6.0,3.0,28.0,V,122-119,casa,SA,5,2
2018,34.0,11-14,78.6,3-3,100.0,5-5,100.0,15.0,17.0,2.0,1.0,5.0,8.0,30.0,V,134-123,fora,MIL,4,2
2018,33.0,8-15,53.3,2-5,40.0,5-6,83.3,13.0,11.0,1.0,0.0,0.0,1.0,23.0,V,117-109,casa,SA,2,2
2018,27.0,5-12,41.7,1-2,50.0,10-11,90.9,9.0,8.0,1.0,1.0,3.0,2.0,21.0,V,123-113,fora,PHX,6,2
2018,22.0,6-8,75.0,1-1,100.0,1-2,50.0,7.0,5.0,1.0,2.0,4.0,1.0,14.0,D,130-104,fora,HOU,5,2
2018,32.0,5-11,45.5,2-4,50.0,3-3,100.0,16.0,7.0,0.0,2.0,3.0,3.0,15.0,V,121-104,casa,CHA,1,2
2018,33.0,7-16,43.8,2-3,66.7,3-3,100.0,9.0,5.0,0.0,2.0,2.0,4.0,19.0,V,115-108,casa,GS,6,2
2018,37.0,11-18,61.1,2-5,40.0,5-6,83.3,13.0,14.0,2.0,1.0,3.0,2.0,29.0,V,127-124,casa,OKC,4,2
2018,34.0,6-11,54.5,1-2,50.0,0-0,0.0,7.0,8.0,0.0,0.0,3.0,5.0,13.0,D,106-104,fora,SA,2,1
2018,35.0,8-17,47.1,2-5,40.0,6-7,85.7,11.0,5.0,0.0,0.0,2.0,2.0,24.0,D,111-110,casa,BOS,1,1
2018,40.0,5-13,38.5,1-6,16.7,0-1,0.0,16.0,11.0,2.0,0.0,3.0,3.0,11.0,V,91-89,casa,DAL,6,1
2018,35.0,5-9,55.6,1-2,50.0,7-9,77.8,7.0,10.0,0.0,0.0,4.0,1.0,18.0,V,130-118,casa,NY,4,1
2018,33.0,5-17,29.4,2-5,40.0,4-7,57.1,12.0,5.0,1.0,1.0,4.0,3.0,16.0,V,104-101,casa,POR,1,1
2018,35.0,5-12,41.7,2-3,66.7,2-2,100.0,17.0,5.0,0.0,0.0,4.0,6.0,14.0,D,108-100,casa,PHX,5,1
2018,34.0,7-18,38.9,1-8,12.5,3-4,75.0,8.0,2.0,2.0,1.0,4.0,1.0,18.0,D,109-104,fora,LAC,3,1
2018,33.0,11-23,47.8,0-2,0.0,7-10,70.0,18.0,7.0,1.0,2.0,5.0,5.0,29.0,V,105-102,casa,DAL,2,1
2018,30.0,8-13,61.5,3-6,50.0,4-4,100.0,9.0,7.0,0.0,2.0,2.0,2.0,23.0,D,112-80,fora,SA,6,1
2018,28.0,3-8,37.5,1-3,33.3,7-8,87.5,7.0,3.0,0.0,0.0,3.0,1.0,14.0,V,87-78,casa,MEM,5,1
2018,32.0,4-21,19.0,0-8,0.0,1-2,50.0,12.0,7.0,3.0,2.0,3.0,2.0,9.0,D,110-97,casa,ATL,3,1
2018,36.0,9-16,56.3,1-1,100.0,3-3,100.0,12.0,11.0,1.0,3.0,3.0,6.0,22.0,D,124-114,fora,GS,1,1
2018,34.0,3-10,30.0,0-4,0.0,2-2,100.0,7.0,10.0,0.0,0.0,3.0,5.0,8.0,D,106-98,fora,SAC,6,1
2018,32.0,3-13,23.1,1-4,25.0,1-2,50.0,10.0,4.0,0.0,1.0,3.0,2.0,8.0,V,99-91,casa,UTAH,5,1
2018,36.0,4-6,66.7,1-1,100.0,5-5,100.0,9.0,8.0,0.0,2.0,3.0,6.0,14.0,V,134-111,casa,PHX,3,1
2018,37.0,5-14,35.7,1-5,20.0,8-9,88.9,13.0,6.0,3.0,1.0,0.0,2.0,19.0,D,107-102,casa,PHI,6,12
2018,41.0,5-11,45.5,1-3,33.3,11-12,91.7,9.0,4.0,1.0,2.0,3.0,2.0,22.0,D,128-125,fora,MIN,3,12
2018,26.0,4-10,40.0,1-3,33.3,4-4,100.0,7.0,5.0,0.0,1.0,5.0,1.0,13.0,V,107-83,casa,UTAH,2,12
2018,37.0,9-16,56.3,0-3,0.0,0-0,0.0,9.0,4.0,1.0,1.0,0.0,2.0,18.0,V,96-81,fora,GS,6,12
2018,37.0,12-21,57.1,2-6,33.3,1-1,100.0,9.0,6.0,2.0,0.0,4.0,4.0,27.0,V,102-85,fora,POR,5,12
2018,36.0,6-12,50.0,2-6,33.3,8-9,88.9,6.0,4.0,2.0,0.0,3.0,10.0,22.0,D,112-104,casa,MIN,3,12
2018,25.0,5-9,55.6,0-2,0.0,3-4,75.0,9.0,2.0,0.0,2.0,2.0,1.0,13.0,D,95-94,fora,OKC,1,12
2018,22.0,6-13,46.2,1-2,50.0,0-0,0.0,11.0,4.0,0.0,0.0,2.0,1.0,13.0,V,117-111,casa,NO,5,12
2018,16.0,3-6,50.0,0-0,0.0,2-2,100.0,4.0,4.0,0.0,0.0,1.0,0.0,8.0,V,111-110,casa,CHI,4,12
2018,26.0,3-7,42.9,1-3,33.3,0-0,0.0,6.0,6.0,1.0,1.0,1.0,2.0,7.0,D,106-77,fora,UTAH,2,11
2018,36.0,11-17,64.7,2-5,40.0,4-6,66.7,13.0,8.0,0.0,2.0,4.0,5.0,28.0,V,104-92,casa,MEM,5,11
2018,26.0,7-14,50.0,1-2,50.0,2-3,66.7,6.0,3.0,1.0,2.0,2.0,2.0,17.0,D,125-95,fora,HOU,3,11
2018,35.0,7-12,58.3,2-6,33.3,0-0,0.0,14.0,3.0,1.0,1.0,0.0,2.0,16.0,V,114-98,fora,SAC,1,11
2018,12.0,1-5,20.0,0-0,0.0,4-4,100.0,6.0,1.0,0.0,1.0,2.0,2.0,6.0,D,127-109,fora,LAL,0,11
2018,27.0,3-5,60.0,1-2,50.0,6-6,100.0,11.0,6.0,1.0,0.0,3.0,2.0,13.0,V,146-114,casa,NO,5,11
2018,35.0,2-9,22.2,1-4,25.0,1-2,50.0,7.0,3.0,1.0,3.0,2.0,3.0,6.0,D,99-82,fora,POR,1,11
2018,38.0,3-8,37.5,1-1,100.0,5-6,83.3,17.0,9.0,1.0,4.0,2.0,1.0,12.0,V,125-107,casa,ORL,6,11
2018,28.0,7-16,43.8,1-5,20.0,0-0,0.0,11.0,3.0,0.0,1.0,4.0,3.0,15.0,V,102-94,casa,OKC,4,11
2018,31.0,16-25,64.0,4-9,44.4,5-6,83.3,12.0,5.0,2.0,2.0,6.0,1.0,41.0,V,112-104,casa,BKN,2,11
2018,20.0,2-6,33.3,0-0,0.0,4-4,100.0,7.0,3.0,0.0,2.0,1.0,1.0,8.0,D,127-108,casa,GS,6,11
2018,34.0,8-15,53.3,2-6,33.3,1-1,100.0,14.0,2.0,1.0,4.0,4.0,1.0,19.0,V,95-94,casa,MIA,5,11
2018,31.0,4-10,40.0,0-3,0.0,0-0,0.0,16.0,10.0,2.0,1.0,2.0,0.0,8.0,V,129-111,casa,TOR,3,11
2018,30.0,9-15,60.0,6-10,60.0,4-6,66.7,8.0,2.0,1.0,1.0,1.0,2.0,28.0,D,116-110,fora,NY,0,10
2018,29.0,9-16,56.3,1-3,33.3,2-2,100.0,14.0,4.0,1.0,1.0,3.0,1.0,21.0,V,124-111,fora,BKN,6,10
2018,33.0,8-16,50.0,0-1,0.0,2-2,100.0,15.0,5.0,0.0,1.0,0.0,2.0,18.0,V,105-100,fora,ATL,4,10
2018,30.0,8-12,66.7,1-1,100.0,1-1,100.0,12.0,0.0,0.0,0.0,3.0,2.0,18.0,D,110-93,fora,CHA,2,10
2018,35.0,9-14,64.3,3-3,100.0,8-8,100.0,9.0,5.0,0.0,1.0,4.0,7.0,29.0,D,109-104,casa,WSH,1,10
2018,30.0,0-3,0.0,0-1,0.0,0-0,0.0,9.0,7.0,0.0,1.0,4.0,3.0,0.0,V,96-79,casa,SAC,6,10
2018,36.0,3-10,30.0,1-4,25.0,0-0,0.0,12.0,7.0,0.0,0.0,1.0,4.0,7.0,D,106-96,fora,UTAH,3,10
2019,37.0,13-26,50.0,1-7,14.3,2-2,100.0,14.0,2.0,0.0,3.0,4.0,4.0,29.0,V,99-95,casa,MIN,3,4
2019,16.0,1-6,16.7,0-0,0.0,0-2,0.0,5.0,2.0,1.0,1.0,6.0,1.0,2.0,D,118-108,fora,UTAH,2,4
2019,37.0,9-15,60.0,1-4,25.0,3-4,75.0,13.0,9.0,1.0,2.0,3.0,2.0,22.0,V,119-110,casa,POR,5,4
2019,29.0,9-10,90.0,0-1,0.0,2-3,66.7,11.0,9.0,0.0,0.0,3.0,5.0,20.0,V,113-85,casa,SA,3,4
2019,28.0,4-10,40.0,0-3,0.0,2-3,66.7,5.0,6.0,0.0,4.0,1.0,6.0,10.0,D,116-102,fora,GS,2,4
2019,30.0,11-15,73.3,0-2,0.0,1-3,33.3,14.0,4.0,1.0,2.0,3.0,2.0,23.0,D,95-90,casa,WSH,0,4
2019,34.0,10-16,62.5,1-3,33.3,2-2,100.0,16.0,3.0,0.0,1.0,3.0,2.0,23.0,V,115-105,fora,OKC,5,3
2019,25.0,7-14,50.0,0-0,0.0,2-2,100.0,8.0,6.0,2.0,0.0,3.0,2.0,16.0,D,112-85,fora,HOU,4,3
2019,33.0,10-24,41.7,0-5,0.0,3-5,60.0,15.0,2.0,0.0,0.0,3.0,3.0,23.0,V,95-92,casa,DET,2,3
2019,30.0,8-16,50.0,1-3,33.3,2-2,100.0,11.0,8.0,4.0,1.0,2.0,1.0,19.0,D,124-88,fora,IND,6,3
2019,28.0,8-20,40.0,1-3,33.3,4-6,66.7,17.0,5.0,0.0,0.0,3.0,1.0,21.0,V,111-93,fora,NY,4,3
2019,35.0,6-12,50.0,2-4,50.0,1-1,100.0,6.0,11.0,0.0,0.0,1.0,1.0,15.0,V,113-108,fora,WSH,3,3
2019,36.0,9-14,64.3,3-7,42.9,0-0,0.0,13.0,7.0,3.0,2.0,2.0,3.0,21.0,V,114-105,fora,BOS,0,3
2019,34.0,11-21,52.4,2-7,28.6,2-2,100.0,7.0,5.0,0.0,0.0,3.0,4.0,26.0,V,102-100,casa,IND,6,3
2019,30.0,4-9,44.4,0-2,0.0,3-4,75.0,14.0,8.0,1.0,0.0,1.0,2.0,11.0,V,100-99,casa,DAL,4,3
2019,26.0,9-14,64.3,0-0,0.0,0-0,0.0,8.0,7.0,1.0,0.0,4.0,4.0,18.0,V,133-107,casa,MIN,2,3
2019,29.0,5-10,50.0,1-1,100.0,5-8,62.5,6.0,4.0,1.0,4.0,2.0,2.0,16.0,D,122-105,fora,GS,5,3
2019,35.0,3-5,60.0,0-1,0.0,6-8,75.0,17.0,8.0,0.0,3.0,1.0,2.0,12.0,V,115-99,fora,LAL,3,3
2019,38.0,10-14,71.4,2-2,100.0,0-0,0.0,10.0,6.0,0.0,0.0,2.0,3.0,22.0,D,104-103,fora,SA,1,3
2019,22.0,7-11,63.6,1-2,50.0,5-6,83.3,9.0,7.0,2.0,2.0,4.0,2.0,20.0,D,120-112,casa,NO,6,3
2019,32.0,5-15,33.3,0-1,0.0,6-7,85.7,13.0,7.0,0.0,0.0,5.0,5.0,16.0,D,111-104,casa,UTAH,4,3
2019,35.0,11-25,44.0,4-7,57.1,10-13,76.9,9.0,10.0,1.0,0.0,2.0,2.0,36.0,V,121-112,casa,OKC,2,2
2019,28.0,9-16,56.3,0-2,0.0,4-6,66.7,16.0,3.0,1.0,3.0,5.0,6.0,22.0,V,123-96,casa,LAC,6,2
2019,30.0,7-16,43.8,1-2,50.0,4-4,100.0,13.0,8.0,0.0,1.0,4.0,4.0,19.0,V,114-104,fora,DAL,5,2
2019,13.0,3-4,75.0,0-0,0.0,0-0,0.0,9.0,0.0,0.0,0.0,1.0,1.0,6.0,D,178-164,casa,LEB,0,2
2019,36.0,7-17,41.2,0-2,0.0,6-6,100.0,18.0,11.0,0.0,1.0,1.0,4.0,20.0,V,120-118,casa,SAC,3,2
2019,36.0,7-16,43.8,3-3,100.0,6-7,85.7,12.0,4.0,0.0,0.0,3.0,7.0,23.0,V,103-87,casa,MIA,1,2
2019,35.0,11-22,50.0,1-5,20.0,4-4,100.0,10.0,10.0,0.0,3.0,2.0,4.0,27.0,D,117-110,fora,PHI,5,2
2019,34.0,8-13,61.5,1-3,33.3,8-10,80.0,14.0,10.0,1.0,1.0,3.0,2.0,25.0,D,135-130,fora,BKN,3,2
2019,26.0,7-17,41.2,0-3,0.0,2-3,66.7,3.0,4.0,0.0,3.0,4.0,3.0,16.0,D,129-103,fora,DET,1,2
2019,29.0,4-13,30.8,0-2,0.0,5-8,62.5,16.0,10.0,0.0,0.0,4.0,5.0,13.0,V,107-106,fora,MIN,6,2
2019,31.0,12-15,80.0,1-2,50.0,6-6,100.0,13.0,9.0,0.0,1.0,4.0,2.0,31.0,V,136-122,casa,HOU,5,2
2019,37.0,9-16,56.3,0-2,0.0,2-2,100.0,13.0,10.0,2.0,3.0,2.0,2.0,20.0,V,105-99,fora,NO,3,1
2019,35.0,10-20,50.0,1-8,12.5,3-3,100.0,5.0,3.0,0.0,4.0,3.0,4.0,24.0,V,95-92,fora,MEM,1,1
2019,34.0,12-22,54.5,2-3,66.7,6-7,85.7,18.0,10.0,0.0,1.0,1.0,1.0,32.0,V,126-110,casa,PHI,6,1
2019,37.0,10-21,47.6,1-7,14.3,7-7,100.0,21.0,6.0,1.0,2.0,5.0,3.0,28.0,D,114-108,fora,UTAH,3,1
2019,28.0,8-12,66.7,3-6,50.0,0-1,0.0,11.0,12.0,0.0,1.0,3.0,1.0,19.0,V,124-102,casa,CLE,6,1
2019,25.0,6-18,33.3,0-3,0.0,6-6,100.0,8.0,11.0,1.0,1.0,3.0,2.0,18.0,V,135-105,casa,CHI,4,1
2019,23.0,6-12,50.0,0-1,0.0,5-5,100.0,4.0,8.0,0.0,0.0,3.0,3.0,17.0,D,142-111,casa,GS,2,1
2019,37.0,15-23,65.2,4-7,57.1,6-8,75.0,10.0,8.0,0.0,0.0,4.0,3.0,40.0,V,116-113,casa,POR,0,1
2019,34.0,8-15,53.3,1-4,25.0,6-7,85.7,10.0,4.0,1.0,0.0,0.0,2.0,23.0,D,102-93,fora,PHX,6,1
2019,28.0,8-19,42.1,0-5,0.0,2-3,66.7,14.0,10.0,2.0,0.0,3.0,1.0,18.0,V,121-100,casa,LAC,4,1
2019,40.0,11-21,52.4,1-2,50.0,6-6,100.0,11.0,10.0,0.0,1.0,3.0,3.0,29.0,V,103-99,fora,MIA,2,1
2019,28.0,11-20,55.0,1-1,100.0,1-1,100.0,13.0,4.0,1.0,2.0,2.0,8.0,24.0,D,125-113,fora,HOU,1,1
2019,34.0,16-29,55.2,3-9,33.3,4-5,80.0,12.0,6.0,1.0,3.0,1.0,2.0,39.0,V,123-110,casa,CHA,5,1
2019,32.0,10-18,55.6,3-8,37.5,3-4,75.0,13.0,6.0,1.0,1.0,1.0,5.0,26.0,V,117-113,fora,SAC,4,1
2019,34.0,8-16,50.0,1-2,50.0,2-3,66.7,14.0,15.0,3.0,1.0,3.0,5.0,19.0,V,115-108,casa,NY,2,1
2019,38.0,8-11,72.7,0-2,0.0,7-8,87.5,8.0,9.0,1.0,3.0,3.0,4.0,23.0,V,122-118,fora,PHX,6,12
2019,37.0,10-14,71.4,1-4,25.0,0-0,0.0,9.0,9.0,0.0,0.0,6.0,6.0,21.0,V,102-99,casa,SA,5,12
2019,31.0,1-5,20.0,1-1,100.0,1-2,50.0,4.0,10.0,0.0,2.0,1.0,5.0,4.0,D,111-103,fora,SA,3,12
2019,21.0,7-15,46.7,2-2,100.0,3-3,100.0,6.0,3.0,1.0,0.0,2.0,4.0,19.0,D,132-111,fora,LAC,5,12
2019,35.0,13-25,52.0,2-6,33.3,4-4,100.0,16.0,4.0,1.0,3.0,4.0,5.0,32.0,V,126-118,casa,DAL,2,12
2019,35.0,11-19,57.9,0-1,0.0,4-5,80.0,10.0,4.0,0.0,2.0,0.0,3.0,26.0,V,95-86,casa,TOR,0,12
2019,36.0,8-16,50.0,2-4,50.0,6-6,100.0,15.0,9.0,0.0,3.0,3.0,6.0,24.0,V,109-98,casa,OKC,5,12
2019,38.0,9-14,64.3,1-2,50.0,8-9,88.9,12.0,6.0,0.0,2.0,3.0,3.0,27.0,V,105-99,casa,MEM,1,12
2019,33.0,9-17,52.9,0-2,0.0,6-7,85.7,11.0,7.0,0.0,2.0,1.0,1.0,24.0,D,106-98,fora,ATL,6,12
2019,33.0,6-18,33.3,0-6,0.0,4-5,80.0,11.0,6.0,2.0,1.0,5.0,4.0,16.0,D,113-107,fora,CHA,5,12
2019,35.0,5-13,38.5,1-3,33.3,1-2,50.0,8.0,13.0,0.0,1.0,3.0,1.0,12.0,V,124-118,fora,ORL,3,12
2019,36.0,8-13,61.5,0-1,0.0,7-8,87.5,11.0,15.0,0.0,2.0,1.0,2.0,23.0,V,106-103,fora,TOR,1,12
2019,32.0,7-12,58.3,0-2,0.0,1-1,100.0,6.0,7.0,1.0,1.0,3.0,1.0,15.0,V,113-112,fora,POR,5,12
2019,23.0,5-14,35.7,2-4,50.0,2-2,100.0,7.0,7.0,1.0,1.0,1.0,3.0,14.0,V,117-85,casa,LAL,2,11
2019,27.0,6-20,30.0,0-7,0.0,4-5,80.0,6.0,5.0,1.0,0.0,4.0,4.0,16.0,V,105-98,fora,OKC,6,11
2019,23.0,2-7,28.6,0-3,0.0,2-2,100.0,10.0,11.0,0.0,2.0,4.0,0.0,6.0,V,112-87,casa,ORL,5,11
2019,37.0,3-13,23.1,1-5,20.0,0-0,0.0,12.0,10.0,0.0,1.0,4.0,3.0,7.0,V,103-101,fora,MIN,3,11
2019,33.0,8-18,44.4,3-8,37.5,1-1,100.0,5.0,5.0,0.0,1.0,1.0,3.0,20.0,D,104-98,fora,MIL,1,11
2019,34.0,10-20,50.0,2-8,25.0,3-4,75.0,10.0,8.0,0.0,1.0,2.0,1.0,25.0,D,125-115,fora,NO,6,11
2019,25.0,5-11,45.5,1-2,50.0,1-2,50.0,9.0,7.0,1.0,4.0,3.0,2.0,12.0,V,138-93,casa,ATL,4,11
2019,33.0,6-14,42.9,0-1,0.0,2-3,66.7,12.0,7.0,0.0,2.0,3.0,3.0,14.0,D,109-99,casa,HOU,2,11
2019,29.0,7-14,50.0,4-8,50.0,2-2,100.0,6.0,6.0,1.0,1.0,1.0,3.0,20.0,D,121-114,casa,MIL,0,11
2019,33.0,14-22,63.6,1-1,100.0,8-10,80.0,21.0,3.0,2.0,1.0,5.0,6.0,37.0,D,112-110,casa,BKN,5,11
2019,26.0,0-1,0.0,0-1,0.0,4-4,100.0,7.0,4.0,0.0,3.0,5.0,6.0,4.0,D,89-87,fora,MEM,3,11
2019,27.0,2-3,66.7,0-0,0.0,4-6,66.7,10.0,8.0,0.0,0.0,4.0,3.0,8.0,V,115-107,casa,BOS,1,11
2019,29.0,3-9,33.3,0-3,0.0,1-2,50.0,10.0,16.0,0.0,1.0,2.0,4.0,7.0,V,103-88,casa,UTAH,6,11
2019,22.0,2-5,40.0,0-1,0.0,0-0,0.0,6.0,3.0,1.0,1.0,2.0,2.0,4.0,V,110-91,fora,CLE,3,11
2019,33.0,9-20,45.0,3-6,50.0,1-1,100.0,12.0,9.0,3.0,2.0,2.0,6.0,22.0,V,108-107,fora,CHI,3,11
2019,29.0,3-8,37.5,2-4,50.0,4-4,100.0,9.0,10.0,2.0,0.0,4.0,0.0,12.0,V,116-111,casa,NO,1,10
2019,33.0,9-17,52.9,1-5,20.0,5-5,100.0,11.0,3.0,1.0,1.0,5.0,6.0,24.0,D,121-114,fora,LAL,4,10
2019,23.0,6-11,54.5,1-2,50.0,1-1,100.0,12.0,6.0,0.0,1.0,4.0,3.0,14.0,V,126-112,casa,SAC,2,10
2019,32.0,7-14,50.0,0-1,0.0,9-12,75.0,11.0,6.0,0.0,0.0,2.0,2.0,23.0,V,100-98,casa,GS,0,10
2019,31.0,11-11,100.0,3-3,100.0,10-11,90.9,11.0,11.0,1.0,4.0,3.0,0.0,35.0,V,119-91,casa,PHX,6,10
2019,34.0,6-13,46.2,1-4,25.0,8-10,80.0,8.0,5.0,2.0,1.0,4.0,2.0,21.0,V,107-98,fora,LAC,3,10
2020,10.0,1-1,100.0,0-0,0.0,0-0,0.0,1.0,2.0,0.0,0.0,0.0,1.0,2.0,D,117-109,fora,TOR,4,8
2020,28.0,7-11,63.6,1-4,25.0,2-4,50.0,7.0,13.0,0.0,0.0,1.0,1.0,17.0,D,124-111,casa,LAC,3,8
2020,26.0,4-7,57.1,2-2,100.0,2-2,100.0,1.0,4.0,0.0,1.0,3.0,1.0,12.0,D,124-121,fora,LAL,1,8
2020,42.0,11-21,52.4,2-6,33.3,6-6,100.0,11.0,7.0,0.0,3.0,5.0,4.0,30.0,V,134-132,casa,UTAH,5,8
2020,24.0,3-8,37.5,0-2,0.0,2-2,100.0,5.0,13.0,0.0,0.0,2.0,5.0,8.0,D,125-115,casa,POR,4,8
2020,32.0,10-17,58.8,3-5,60.0,2-2,100.0,4.0,11.0,0.0,1.0,4.0,5.0,25.0,V,132-126,fora,SA,2,8
2020,39.0,10-21,47.6,0-5,0.0,10-11,90.9,12.0,10.0,0.0,2.0,4.0,4.0,30.0,V,121-113,fora,OKC,0,8
2020,34.0,7-16,43.8,1-5,20.0,4-6,66.7,7.0,6.0,1.0,1.0,3.0,3.0,19.0,D,125-105,casa,MIA,5,8
2020,34.0,7-10,70.0,0-2,0.0,0-0,0.0,13.0,8.0,0.0,0.0,3.0,5.0,14.0,D,113-97,fora,DAL,3,3
2020,30.0,4-13,30.8,1-5,20.0,1-2,50.0,9.0,7.0,0.0,1.0,3.0,2.0,10.0,V,109-95,casa,MIL,1,3
2020,32.0,4-11,36.4,0-3,0.0,0-1,0.0,8.0,8.0,0.0,1.0,3.0,4.0,8.0,D,104-102,fora,CLE,6,3
2020,31.0,5-10,50.0,0-2,0.0,4-4,100.0,11.0,8.0,1.0,1.0,5.0,6.0,14.0,V,114-112,fora,CHA,4,3
2020,32.0,7-15,46.7,0-1,0.0,2-2,100.0,13.0,7.0,2.0,1.0,2.0,5.0,16.0,D,116-100,casa,GS,2,3
2020,35.0,8-11,72.7,0-0,0.0,7-9,77.8,18.0,11.0,0.0,1.0,2.0,2.0,23.0,V,133-118,casa,TOR,6,3
2020,25.0,9-13,69.2,0-2,0.0,3-4,75.0,9.0,2.0,0.0,1.0,1.0,3.0,21.0,D,132-103,fora,LAC,5,2
2020,28.0,5-8,62.5,1-1,100.0,5-5,100.0,5.0,4.0,0.0,4.0,4.0,5.0,16.0,V,115-98,casa,DET,2,2
2020,31.0,11-14,78.6,0-1,0.0,2-3,66.7,7.0,6.0,2.0,2.0,4.0,3.0,24.0,V,128-116,casa,MIN,6,2
2020,34.0,12-15,80.0,1-2,50.0,7-7,100.0,7.0,5.0,1.0,1.0,1.0,2.0,32.0,D,113-101,fora,OKC,5,2
2020,12.0,2-4,50.0,1-3,33.3,0-0,0.0,2.0,1.0,0.0,1.0,1.0,0.0,5.0,V,157-155,casa,GIA,0,2
2020,37.0,9-18,50.0,2-3,66.7,2-2,100.0,11.0,6.0,1.0,3.0,5.0,3.0,22.0,D,120-116,casa,LAL,3,2
2020,38.0,6-8,75.0,0-1,0.0,7-8,87.5,8.0,13.0,1.0,0.0,4.0,5.0,19.0,V,127-120,casa,SA,1,2
2020,34.0,9-19,47.4,0-3,0.0,5-5,100.0,9.0,6.0,3.0,1.0,3.0,6.0,23.0,V,117-108,fora,PHX,6,2
2020,40.0,14-24,58.3,0-2,0.0,2-4,50.0,21.0,10.0,0.0,2.0,2.0,1.0,30.0,V,98-95,fora,UTAH,3,2
2020,31.0,11-17,64.7,3-5,60.0,4-4,100.0,13.0,9.0,3.0,2.0,1.0,4.0,29.0,V,127-99,casa,POR,2,2
2020,40.0,16-23,69.6,1-3,33.3,6-7,85.7,10.0,11.0,2.0,3.0,4.0,2.0,39.0,D,128-123,fora,DET,6,2
2020,33.0,7-17,41.2,1-3,33.3,0-0,0.0,10.0,9.0,0.0,1.0,4.0,3.0,15.0,V,127-115,fora,MIL,5,2
2020,35.0,11-19,57.9,1-2,50.0,5-6,83.3,4.0,10.0,0.0,3.0,4.0,3.0,28.0,V,106-100,casa,UTAH,4,1
2020,39.0,8-16,50.0,3-6,50.0,6-6,100.0,13.0,5.0,1.0,0.0,3.0,8.0,25.0,D,104-96,fora,MEM,2,1
2020,38.0,9-18,50.0,0-2,0.0,6-7,85.7,12.0,11.0,0.0,2.0,4.0,6.0,24.0,V,117-110,casa,HOU,6,1
2020,35.0,9-20,45.0,1-6,16.7,8-8,100.0,12.0,7.0,1.0,4.0,3.0,2.0,27.0,V,113-106,fora,NO,5,1
2020,34.0,8-19,42.1,0-1,0.0,3-6,50.0,12.0,10.0,1.0,1.0,2.0,6.0,19.0,D,121-105,fora,HOU,3,1
2020,34.0,7-15,46.7,0-3,0.0,3-4,75.0,13.0,5.0,0.0,1.0,4.0,5.0,17.0,V,107-100,fora,MIN,1,1
2020,32.0,10-16,62.5,2-4,50.0,8-12,66.7,10.0,4.0,0.0,3.0,4.0,1.0,30.0,D,115-107,casa,IND,0,1
2020,44.0,10-20,50.0,0-3,0.0,3-3,100.0,12.0,8.0,2.0,0.0,4.0,9.0,23.0,V,134-131,fora,GS,4,1
2020,29.0,5-9,55.6,0-1,0.0,2-2,100.0,8.0,8.0,2.0,1.0,3.0,4.0,12.0,V,100-86,casa,CHA,3,1
2020,31.0,6-14,42.9,3-4,75.0,5-6,83.3,15.0,6.0,0.0,1.0,5.0,2.0,20.0,V,114-104,casa,LAC,0,1
2020,34.0,8-12,66.7,2-5,40.0,1-1,100.0,12.0,5.0,0.0,0.0,2.0,1.0,19.0,D,111-103,casa,CLE,6,1
2020,31.0,12-20,60.0,4-6,66.7,5-8,62.5,6.0,7.0,1.0,1.0,1.0,3.0,33.0,V,107-106,fora,DAL,3,1
2020,37.0,16-25,64.0,4-8,50.0,11-16,68.8,8.0,5.0,1.0,2.0,3.0,0.0,47.0,V,123-115,fora,ATL,1,1
2020,30.0,4-10,40.0,1-3,33.3,5-7,71.4,10.0,4.0,0.0,1.0,0.0,2.0,14.0,D,128-114,fora,WSH,6,1
2020,24.0,7-15,46.7,0-3,0.0,8-8,100.0,7.0,0.0,0.0,0.0,5.0,2.0,22.0,V,124-116,fora,IND,4,1
2020,32.0,10-17,58.8,0-1,0.0,1-1,100.0,8.0,4.0,0.0,0.0,2.0,6.0,21.0,D,130-104,fora,HOU,2,1
2020,27.0,7-8,87.5,0-0,0.0,3-4,75.0,8.0,4.0,0.0,1.0,3.0,4.0,17.0,V,120-115,casa,SAC,0,12
2020,33.0,12-19,63.2,2-5,40.0,5-7,71.4,10.0,10.0,0.0,1.0,6.0,1.0,31.0,V,119-110,casa,MEM,5,12
2020,31.0,8-20,40.0,2-5,40.0,5-6,83.3,10.0,4.0,0.0,2.0,3.0,5.0,23.0,D,112-100,casa,NO,3,12
2020,31.0,6-13,46.2,4-7,57.1,6-6,100.0,12.0,10.0,0.0,1.0,4.0,2.0,22.0,V,113-111,fora,PHX,1,12
2020,27.0,5-8,62.5,1-1,100.0,7-7,100.0,6.0,5.0,1.0,1.0,3.0,1.0,18.0,V,128-104,fora,LAL,0,12
2020,33.0,10-16,62.5,2-4,50.0,0-0,0.0,10.0,10.0,2.0,0.0,4.0,2.0,22.0,V,109-100,casa,MIN,5,12
2020,31.0,7-14,50.0,2-4,50.0,2-2,100.0,9.0,12.0,1.0,1.0,2.0,4.0,18.0,V,113-104,casa,ORL,3,12
2020,36.0,10-22,45.5,2-5,40.0,3-4,75.0,10.0,5.0,1.0,1.0,1.0,2.0,25.0,V,111-105,casa,NY,0,12
2020,35.0,11-14,78.6,3-6,50.0,3-4,75.0,14.0,12.0,0.0,1.0,2.0,3.0,28.0,V,110-102,casa,OKC,6,12
2020,31.0,7-14,50.0,2-5,40.0,4-6,66.7,11.0,6.0,0.0,0.0,2.0,1.0,20.0,V,114-99,casa,POR,4,12
2020,33.0,7-13,53.8,1-4,25.0,0-0,0.0,7.0,11.0,1.0,0.0,2.0,2.0,15.0,D,97-92,fora,PHI,2,12
2020,34.0,10-21,47.6,2-6,33.3,2-2,100.0,11.0,6.0,0.0,0.0,3.0,3.0,24.0,D,105-102,fora,BKN,6,12
2020,31.0,13-21,61.9,1-5,20.0,3-3,100.0,10.0,4.0,2.0,1.0,3.0,1.0,30.0,D,108-95,fora,BOS,5,12
2020,25.0,3-7,42.9,0-1,0.0,0-0,0.0,10.0,8.0,1.0,0.0,2.0,0.0,6.0,V,129-92,fora,NY,4,12
2020,34.0,4-12,33.3,0-2,0.0,5-6,83.3,5.0,8.0,0.0,3.0,4.0,5.0,13.0,D,105-96,casa,LAL,2,12
2020,36.0,3-11,27.3,0-3,0.0,1-2,50.0,10.0,6.0,1.0,0.0,3.0,4.0,7.0,D,100-97,fora,SAC,5,11
2020,25.0,4-8,50.0,0-0,0.0,0-0,0.0,20.0,5.0,0.0,0.0,3.0,3.0,8.0,V,117-104,casa,WSH,2,11
2020,32.0,4-9,44.4,0-1,0.0,0-0,0.0,13.0,5.0,0.0,2.0,2.0,1.0,8.0,V,116-104,casa,PHX,0,11
2020,36.0,7-17,41.2,0-4,0.0,4-4,100.0,16.0,10.0,1.0,3.0,2.0,3.0,18.0,V,96-92,casa,BOS,5,11
2020,32.0,12-19,63.2,2-4,50.0,1-1,100.0,12.0,4.0,0.0,0.0,5.0,7.0,27.0,V,105-95,casa,HOU,3,11
2020,26.0,4-7,57.1,1-3,33.3,0-0,0.0,5.0,8.0,0.0,0.0,3.0,2.0,9.0,V,131-114,fora,MEM,6,11
2020,28.0,8-14,57.1,2-5,40.0,0-0,0.0,10.0,3.0,0.0,0.0,4.0,0.0,18.0,V,101-93,casa,BKN,4,11
2020,31.0,7-19,36.8,1-8,12.5,5-6,83.3,6.0,7.0,0.0,3.0,2.0,2.0,20.0,D,125-121,casa,ATL,2,11
2020,36.0,9-23,39.1,1-7,14.3,1-3,33.3,6.0,7.0,1.0,1.0,4.0,0.0,20.0,V,100-98,fora,MIN,6,11
2020,38.0,10-22,45.5,2-9,22.2,4-5,80.0,10.0,6.0,2.0,2.0,4.0,1.0,26.0,V,100-97,casa,PHI,5,11
2020,23.0,4-12,33.3,1-4,25.0,0-1,0.0,5.0,5.0,1.0,1.0,4.0,4.0,9.0,V,109-89,casa,MIA,2,11
2020,31.0,7-14,50.0,3-7,42.9,3-4,75.0,7.0,4.0,0.0,0.0,2.0,1.0,20.0,V,91-87,fora,ORL,5,11
2020,27.0,5-6,83.3,0-1,0.0,3-3,100.0,6.0,6.0,0.0,1.0,3.0,2.0,13.0,D,122-107,fora,NO,4,11
2020,33.0,4-8,50.0,0-1,0.0,2-2,100.0,10.0,10.0,0.0,3.0,3.0,4.0,10.0,D,109-106,casa,DAL,2,10
2020,28.0,4-15,26.7,0-5,0.0,1-1,100.0,13.0,2.0,1.0,2.0,4.0,2.0,9.0,V,101-94,fora,SAC,1,10
2020,41.0,8-18,44.4,0-2,0.0,7-9,77.8,14.0,12.0,2.0,1.0,4.0,5.0,23.0,V,108-107,casa,PHX,5,10
2020,24.0,8-14,57.1,3-5,60.0,1-2,50.0,13.0,2.0,0.0,0.0,4.0,4.0,20.0,V,108-100,fora,POR,3,10
2021,17.0,9-17,52.9,0-3,0.0,3-3,100.0,3.0,2.0,0.0,1.0,3.0,1.0,21.0,D,132-116,fora,POR,0,5
2021,26.0,7-11,63.6,0-0,0.0,6-7,85.7,15.0,11.0,0.0,0.0,2.0,1.0,20.0,V,104-91,fora,DET,5,5
2021,32.0,14-21,66.7,0-3,0.0,3-3,100.0,14.0,4.0,1.0,1.0,2.0,2.0,31.0,V,114-103,fora,MIN,4,5
2021,33.0,7-16,43.8,0-2,0.0,16-17,94.1,11.0,6.0,0.0,0.0,2.0,2.0,30.0,V,117-112,fora,CHA,1,5
2021,37.0,10-21,47.6,0-5,0.0,9-9,100.0,7.0,6.0,0.0,0.0,3.0,5.0,29.0,D,125-119,casa,BKN,6,5
2021,35.0,9-11,81.8,2-2,100.0,4-4,100.0,9.0,13.0,1.0,0.0,5.0,5.0,24.0,D,127-120,fora,UTAH,5,5
2021,29.0,10-16,62.5,0-2,0.0,12-15,80.0,12.0,6.0,2.0,2.0,3.0,4.0,32.0,V,113-97,casa,NY,3,5
2021,36.0,12-28,42.9,1-4,25.0,7-8,87.5,9.0,5.0,1.0,2.0,4.0,2.0,32.0,D,93-89,fora,LAL,1,5
2021,33.0,9-17,52.9,2-6,33.3,10-10,100.0,14.0,7.0,1.0,0.0,4.0,0.0,30.0,V,110-104,fora,LAC,6,5
2021,28.0,8-13,61.5,2-3,66.7,1-1,100.0,11.0,2.0,0.0,1.0,1.0,1.0,19.0,V,121-111,casa,TOR,4,4
2021,36.0,12-20,60.0,2-4,50.0,6-8,75.0,7.0,8.0,3.0,3.0,1.0,6.0,32.0,V,114-112,casa,NO,3,4
2021,30.0,6-12,50.0,2-3,66.7,10-10,100.0,15.0,5.0,0.0,2.0,3.0,6.0,24.0,V,120-96,casa,MEM,1,4
2021,29.0,10-14,71.4,0-0,0.0,4-6,66.7,8.0,12.0,1.0,1.0,4.0,4.0,24.0,V,129-116,casa,HOU,6,4
2021,33.0,7-16,43.8,0-3,0.0,5-5,100.0,6.0,6.0,0.0,0.0,2.0,1.0,19.0,D,118-97,fora,GS,5,4
2021,36.0,9-18,50.0,1-6,16.7,6-7,85.7,9.0,5.0,1.0,0.0,0.0,4.0,25.0,V,106-105,fora,POR,3,4
2021,45.0,20-31,64.5,2-6,33.3,5-6,83.3,15.0,8.0,1.0,0.0,3.0,7.0,47.0,V,139-137,casa,MEM,1,4
2021,27.0,10-12,83.3,1-1,100.0,8-9,88.9,16.0,7.0,0.0,2.0,3.0,0.0,29.0,V,128-99,fora,HOU,5,4
2021,32.0,6-14,42.9,1-2,50.0,4-5,80.0,10.0,11.0,2.0,1.0,3.0,2.0,17.0,V,123-106,casa,MIA,3,4
2021,37.0,10-21,47.6,1-5,20.0,6-8,75.0,12.0,8.0,1.0,1.0,1.0,4.0,27.0,D,116-107,fora,GS,1,4
2021,32.0,6-15,40.0,0-2,0.0,5-7,71.4,10.0,11.0,1.0,1.0,3.0,2.0,17.0,D,105-87,casa,BOS,6,4
2021,38.0,9-17,52.9,2-2,100.0,6-6,100.0,13.0,14.0,0.0,1.0,4.0,6.0,26.0,V,121-119,casa,SA,5,4
2021,30.0,11-18,61.1,0-2,0.0,3-4,75.0,9.0,10.0,0.0,1.0,0.0,6.0,25.0,V,106-96,casa,SA,3,4
2021,27.0,13-16,81.3,0-0,0.0,1-2,50.0,8.0,11.0,1.0,1.0,3.0,1.0,27.0,V,134-119,casa,DET,2,4
2021,38.0,5-11,45.5,0-1,0.0,7-9,77.8,9.0,16.0,0.0,1.0,4.0,4.0,17.0,V,119-109,casa,ORL,0,4
2021,36.0,6-16,37.5,2-3,66.7,0-0,0.0,7.0,7.0,1.0,0.0,3.0,4.0,14.0,V,101-94,fora,LAC,4,4
2021,34.0,8-14,57.1,0-1,0.0,5-6,83.3,10.0,5.0,0.0,0.0,1.0,5.0,21.0,V,104-95,casa,PHI,2,3
2021,28.0,7-12,58.3,1-2,50.0,1-2,50.0,10.0,8.0,2.0,1.0,0.0,0.0,16.0,V,126-102,casa,ATL,0,3
2021,41.0,17-30,56.7,3-5,60.0,0-0,0.0,6.0,9.0,1.0,2.0,3.0,1.0,37.0,V,113-108,fora,NO,5,3
2021,30.0,8-14,57.1,0-2,0.0,4-4,100.0,10.0,5.0,0.0,1.0,1.0,4.0,20.0,D,135-111,fora,TOR,2,3
2021,36.0,11-17,64.7,2-4,50.0,4-4,100.0,15.0,10.0,1.0,2.0,2.0,3.0,28.0,V,110-99,fora,ORL,1,3
2021,35.0,13-19,68.4,3-4,75.0,0-0,0.0,10.0,10.0,1.0,1.0,3.0,5.0,29.0,D,113-108,casa,NO,6,3
2021,42.0,14-23,60.9,2-4,50.0,4-6,66.7,15.0,9.0,1.0,2.0,4.0,1.0,34.0,V,131-127,casa,CHI,5,3
2021,29.0,6-7,85.7,0-0,0.0,0-0,0.0,10.0,10.0,0.0,0.0,2.0,3.0,12.0,V,129-104,casa,CHA,3,3
2021,34.0,11-25,44.0,2-4,50.0,8-10,80.0,14.0,5.0,1.0,4.0,2.0,1.0,32.0,V,121-106,casa,IND,1,3
2021,36.0,10-20,50.0,1-5,20.0,5-6,83.3,9.0,11.0,0.0,0.0,0.0,4.0,26.0,D,116-103,casa,DAL,6,3
2021,36.0,13-22,59.1,1-2,50.0,1-2,50.0,15.0,7.0,0.0,2.0,1.0,1.0,28.0,V,103-102,fora,MEM,5,3
2021,19.0,3-4,75.0,0-0,0.0,0-0,0.0,7.0,5.0,1.0,0.0,1.0,2.0,6.0,V,170-150,casa,DUR,0,3
2021,37.0,9-18,50.0,1-2,50.0,1-2,50.0,12.0,8.0,0.0,0.0,2.0,7.0,20.0,V,113-103,fora,IND,4,3
2021,36.0,15-23,65.2,2-3,66.7,5-5,100.0,10.0,11.0,0.0,2.0,1.0,2.0,37.0,V,128-97,fora,MIL,2,3
2021,38.0,17-28,60.7,0-3,0.0,5-5,100.0,14.0,9.0,2.0,1.0,4.0,1.0,39.0,V,118-112,fora,CHI,1,3
2021,30.0,8-10,80.0,1-2,50.0,2-2,100.0,11.0,13.0,0.0,2.0,3.0,0.0,19.0,V,126-96,fora,OKC,6,2
2021,38.0,9-18,50.0,3-4,75.0,3-3,100.0,11.0,7.0,2.0,1.0,3.0,1.0,24.0,D,112-110,casa,WSH,4,2
2021,38.0,17-32,53.1,3-6,50.0,4-4,100.0,5.0,5.0,0.0,1.0,1.0,0.0,41.0,V,111-106,casa,POR,2,2
2021,37.0,5-15,33.3,2-5,40.0,3-4,75.0,10.0,6.0,0.0,3.0,5.0,4.0,15.0,D,123-115,fora,ATL,0,2
2021,33.0,5-8,62.5,1-2,50.0,5-5,100.0,12.0,10.0,1.0,4.0,2.0,3.0,16.0,V,120-103,fora,CLE,5,2
2021,37.0,12-21,57.1,3-5,60.0,6-6,100.0,7.0,9.0,0.0,2.0,4.0,3.0,33.0,D,130-128,fora,WSH,3,2
2021,38.0,16-23,69.6,3-5,60.0,8-8,100.0,6.0,5.0,1.0,2.0,3.0,3.0,43.0,D,112-99,fora,BOS,2,2
2021,35.0,8-17,47.1,1-5,20.0,6-6,100.0,16.0,10.0,1.0,0.0,2.0,3.0,23.0,V,122-105,casa,LAL,0,2
2021,37.0,9-16,56.3,2-7,28.6,2-2,100.0,13.0,9.0,1.0,1.0,4.0,2.0,22.0,V,97-95,casa,OKC,5,2
2021,30.0,5-7,71.4,0-0,0.0,2-2,100.0,6.0,12.0,0.0,2.0,3.0,2.0,12.0,V,133-95,casa,CLE,3,2
2021,39.0,13-26,50.0,3-6,50.0,6-6,100.0,12.0,6.0,0.0,0.0,3.0,0.0,35.0,D,125-112,casa,MIL,1,2
2021,41.0,20-33,60.6,3-6,50.0,7-7,100.0,8.0,12.0,3.0,1.0,2.0,1.0,50.0,D,119-114,fora,SAC,5,2
2021,35.0,6-16,37.5,0-0,0.0,1-2,50.0,9.0,6.0,0.0,1.0,4.0,3.0,13.0,D,114-93,fora,LAL,4,2
2021,37.0,17-26,65.4,4-4,100.0,9-10,90.0,12.0,5.0,1.0,2.0,2.0,3.0,47.0,V,128-117,casa,UTAH,6,1
2021,39.0,14-24,58.3,5-11,45.5,2-4,50.0,10.0,5.0,1.0,1.0,3.0,4.0,35.0,D,119-109,fora,SA,5,1
2021,34.0,9-14,64.3,1-5,20.0,2-2,100.0,11.0,3.0,1.0,0.0,2.0,1.0,21.0,V,109-82,fora,MIA,3,1
2021,34.0,8-13,61.5,0-2,0.0,4-4,100.0,10.0,4.0,1.0,2.0,2.0,6.0,20.0,V,117-113,fora,DAL,1,1
2021,42.0,9-21,42.9,0-0,0.0,11-14,78.6,22.0,6.0,0.0,1.0,3.0,6.0,29.0,V,120-112,fora,PHX,6,1
2021,40.0,15-27,55.6,1-3,33.3,0-1,0.0,10.0,8.0,0.0,3.0,4.0,3.0,31.0,V,130-126,fora,PHX,5,1
2021,28.0,12-21,57.1,0-4,0.0,3-3,100.0,12.0,6.0,1.0,1.0,2.0,1.0,27.0,V,119-101,casa,OKC,2,1
2021,40.0,14-23,60.9,3-6,50.0,4-4,100.0,14.0,9.0,1.0,2.0,4.0,6.0,35.0,D,109-105,casa,UTAH,0,1
2021,36.0,8-16,50.0,0-4,0.0,7-7,100.0,14.0,10.0,0.0,3.0,4.0,3.0,23.0,V,114-104,casa,GS,4,1
2021,34.0,8-17,47.1,1-4,25.0,6-6,100.0,8.0,11.0,1.0,7.0,2.0,1.0,23.0,D,122-116,fora,BKN,2,1
2021,30.0,9-15,60.0,1-3,33.3,3-3,100.0,10.0,5.0,1.0,1.0,1.0,2.0,22.0,V,114-89,fora,NY,6,1
2021,29.0,6-8,75.0,0-0,0.0,3-3,100.0,9.0,12.0,0.0,0.0,2.0,4.0,15.0,V,115-103,fora,PHI,5,1
2021,41.0,14-31,45.2,4-10,40.0,6-10,60.0,11.0,4.0,0.0,2.0,4.0,3.0,38.0,D,124-117,casa,DAL,4,1
2021,37.0,12-20,60.0,1-1,100.0,10-12,83.3,15.0,6.0,1.0,3.0,5.0,4.0,35.0,V,123-116,casa,MIN,2,1
2021,32.0,8-12,66.7,0-1,0.0,3-3,100.0,12.0,12.0,0.0,0.0,5.0,7.0,19.0,V,124-109,fora,MIN,0,1
2021,30.0,7-13,53.8,3-5,60.0,0-0,0.0,9.0,11.0,0.0,1.0,5.0,1.0,17.0,D,106-103,casa,PHX,5,1
2021,39.0,9-14,64.3,1-3,33.3,7-7,100.0,10.0,12.0,0.0,2.0,4.0,10.0,26.0,D,125-115,fora,SAC,2,12
2021,34.0,8-11,72.7,1-1,100.0,2-3,66.7,12.0,18.0,1.0,3.0,2.0,3.0,19.0,V,124-111,casa,HOU,1,12
2021,38.0,7-13,53.8,1-4,25.0,9-11,81.8,9.0,10.0,0.0,1.0,2.0,5.0,24.0,D,121-108,casa,LAC,5,12
2021,42.0,11-18,61.1,1-2,50.0,6-9,66.7,15.0,14.0,2.0,0.0,3.0,6.0,29.0,D,124-122,casa,SAC,3,12
2022,35.0,16-24,66.7,1-3,33.3,2-2,100.0,16.0,6.0,1.0,4.0,2.0,3.0,35.0,V,122-109,casa,MEM,4,4
2022,40.0,18-35,51.4,1-5,20.0,4-6,66.7,17.0,4.0,0.0,2.0,3.0,2.0,41.0,D,116-97,casa,SA,2,4
2022,33.0,15-22,68.2,0-3,0.0,8-11,72.7,18.0,6.0,2.0,2.0,3.0,7.0,38.0,V,129-118,fora,LAL,6,4
2022,43.0,14-21,66.7,0-2,0.0,10-12,83.3,19.0,8.0,0.0,1.0,2.0,4.0,38.0,D,136-130,casa,MIN,5,4
2022,36.0,15-19,78.9,0-0,0.0,7-8,87.5,13.0,9.0,1.0,2.0,3.0,7.0,37.0,V,125-118,fora,IND,2,3
2022,35.0,9-17,52.9,0-0,0.0,8-12,66.7,19.0,11.0,0.0,2.0,1.0,4.0,26.0,V,113-109,fora,CHA,0,3
2022,35.0,13-15,86.7,0-1,0.0,9-10,90.0,12.0,8.0,2.0,2.0,4.0,3.0,35.0,V,113-107,casa,OKC,6,3
2022,32.0,9-10,90.0,1-2,50.0,9-11,81.8,6.0,6.0,0.0,3.0,2.0,8.0,28.0,D,140-130,casa,PHX,4,3
2022,34.0,9-15,60.0,0-2,0.0,12-13,92.3,14.0,6.0,3.0,2.0,5.0,1.0,30.0,V,127-115,casa,LAC,2,3
2022,33.0,8-23,34.8,2-6,33.3,5-6,83.3,8.0,4.0,1.0,1.0,2.0,2.0,23.0,D,124-104,casa,BOS,0,3
2022,38.0,15-24,62.5,0-4,0.0,2-2,100.0,10.0,8.0,1.0,2.0,3.0,4.0,32.0,D,119-116,fora,CLE,4,3
2022,26.0,10-14,71.4,2-2,100.0,7-7,100.0,13.0,8.0,1.0,2.0,2.0,3.0,29.0,V,127-109,fora,WSH,2,3
2022,34.0,8-16,50.0,1-3,33.3,5-7,71.4,13.0,8.0,2.0,2.0,1.0,5.0,22.0,V,114-110,fora,PHI,0,3
2022,31.0,9-13,69.2,0-0,0.0,8-9,88.9,10.0,7.0,2.0,0.0,2.0,3.0,26.0,D,127-115,casa,TOR,6,3
2022,32.0,9-21,42.9,0-8,0.0,5-6,83.3,12.0,9.0,1.0,1.0,4.0,5.0,23.0,D,113-102,casa,GS,4,3
2022,35.0,15-24,62.5,0-2,0.0,8-9,88.9,18.0,7.0,2.0,1.0,4.0,3.0,38.0,V,106-100,fora,SAC,3,3
2022,35.0,12-17,70.6,0-0,0.0,8-14,57.1,15.0,13.0,1.0,0.0,3.0,3.0,32.0,V,131-124,casa,GS,1,3
2022,43.0,16-22,72.7,3-5,60.0,11-12,91.7,12.0,11.0,4.0,3.0,3.0,5.0,46.0,V,138-130,casa,NO,0,3
2022,33.0,10-17,58.8,0-4,0.0,2-2,100.0,16.0,4.0,0.0,2.0,2.0,6.0,22.0,D,119-107,casa,OKC,3,3
2022,26.0,3-5,60.0,0-1,0.0,2-2,100.0,18.0,11.0,0.0,1.0,2.0,2.0,8.0,V,124-92,fora,POR,0,2
2022,34.0,6-16,37.5,0-5,0.0,6-8,75.0,10.0,11.0,0.0,0.0,5.0,2.0,18.0,V,115-110,casa,SAC,6,2
2022,34.0,9-15,60.0,2-4,50.0,5-7,71.4,12.0,9.0,1.0,4.0,3.0,2.0,25.0,V,128-110,fora,SAC,4,2
2022,21.0,4-5,80.0,2-3,66.7,0-0,0.0,9.0,8.0,0.0,1.0,0.0,1.0,10.0,V,163-160,casa,DUR,0,2
2022,34.0,13-24,54.2,3-5,60.0,6-9,66.7,17.0,8.0,0.0,1.0,3.0,5.0,35.0,V,117-116,fora,GS,3,2
2022,35.0,10-26,38.5,3-9,33.3,3-3,100.0,15.0,7.0,0.0,1.0,2.0,5.0,26.0,V,121-111,casa,ORL,1,2
2022,35.0,10-16,62.5,0-2,0.0,8-10,80.0,15.0,6.0,2.0,0.0,1.0,4.0,28.0,V,110-109,fora,TOR,6,2
2022,34.0,9-20,45.0,3-10,30.0,2-4,50.0,16.0,11.0,2.0,0.0,2.0,9.0,23.0,D,108-102,fora,BOS,5,2
2022,30.0,8-14,57.1,0-3,0.0,5-7,71.4,11.0,7.0,0.0,0.0,2.0,6.0,21.0,V,132-115,casa,NY,2,2
2022,30.0,12-15,80.0,0-2,0.0,3-4,75.0,12.0,10.0,1.0,2.0,1.0,2.0,27.0,V,124-104,casa,BKN,6,2
2022,35.0,7-10,70.0,3-3,100.0,8-8,100.0,12.0,9.0,0.0,2.0,4.0,4.0,25.0,D,113-105,casa,NO,5,2
2022,30.0,6-12,50.0,1-4,25.0,8-9,88.9,16.0,8.0,0.0,1.0,3.0,5.0,21.0,D,130-115,fora,MIN,2,2
2022,28.0,7-9,77.8,2-4,50.0,2-2,100.0,10.0,15.0,1.0,3.0,1.0,5.0,18.0,V,136-100,fora,MIL,0,1
2022,30.0,11-19,57.9,3-6,50.0,4-4,100.0,13.0,10.0,0.0,2.0,5.0,6.0,29.0,V,116-105,fora,NO,5,1
2022,35.0,8-13,61.5,2-2,100.0,8-8,100.0,10.0,8.0,0.0,1.0,5.0,2.0,26.0,V,124-118,fora,BKN,3,1
2022,34.0,9-20,45.0,3-8,37.5,7-7,100.0,21.0,9.0,0.0,1.0,2.0,3.0,28.0,V,110-105,fora,DET,2,1
2022,36.0,12-19,63.2,1-6,16.7,9-10,90.0,9.0,8.0,1.0,2.0,1.0,3.0,34.0,V,117-111,casa,DET,0,1
2022,40.0,11-16,68.8,2-4,50.0,2-3,66.7,11.0,12.0,1.0,2.0,3.0,0.0,26.0,D,122-118,casa,MEM,5,1
2022,41.0,16-25,64.0,3-5,60.0,14-16,87.5,14.0,10.0,1.0,3.0,4.0,5.0,49.0,V,130-128,casa,LAC,3,1
2022,37.0,10-18,55.6,2-5,40.0,3-3,100.0,15.0,14.0,0.0,2.0,5.0,3.0,25.0,D,125-102,casa,UTAH,0,1
2022,28.0,7-12,58.3,1-2,50.0,2-2,100.0,12.0,13.0,0.0,1.0,1.0,3.0,17.0,V,133-96,casa,LAL,6,1
2022,28.0,8-10,80.0,1-2,50.0,3-3,100.0,8.0,7.0,2.0,0.0,2.0,3.0,20.0,V,140-108,casa,POR,4,1
2022,37.0,9-14,64.3,1-3,33.3,2-2,100.0,13.0,8.0,0.0,1.0,2.0,5.0,21.0,D,87-85,fora,LAC,2,1
2022,33.0,8-21,38.1,1-3,33.3,5-5,100.0,18.0,6.0,0.0,1.0,0.0,2.0,22.0,V,99-95,fora,OKC,0,1
2022,34.0,13-20,65.0,3-6,50.0,4-8,50.0,10.0,7.0,2.0,2.0,3.0,2.0,33.0,V,121-111,casa,SAC,5,1
2022,37.0,10-17,58.8,1-3,33.3,5-6,83.3,21.0,11.0,2.0,0.0,2.0,5.0,26.0,D,115-109,casa,UTAH,3,1
2022,35.0,11-18,61.1,1-4,25.0,4-4,100.0,16.0,3.0,0.0,2.0,3.0,3.0,27.0,D,103-89,fora,DAL,1,1
2022,25.0,8-12,66.7,1-2,50.0,7-9,77.8,11.0,3.0,1.0,0.0,4.0,4.0,24.0,V,124-111,fora,HOU,6,1
2022,35.0,8-19,42.1,0-5,0.0,6-8,75.0,19.0,5.0,1.0,4.0,2.0,8.0,22.0,V,89-86,fora,GS,2,12
2022,38.0,9-24,37.5,1-3,33.3,7-7,100.0,22.0,8.0,2.0,2.0,4.0,4.0,26.0,V,103-100,fora,LAC,0,12
2022,35.0,13-34,38.2,1-6,16.7,2-3,66.7,21.0,5.0,0.0,2.0,0.0,6.0,29.0,D,115-107,casa,CHA,4,12
2022,25.0,5-9,55.6,1-4,25.0,2-2,100.0,7.0,3.0,2.0,0.0,0.0,3.0,13.0,D,108-94,fora,OKC,3,12
2022,26.0,8-12,66.7,1-2,50.0,3-3,100.0,10.0,7.0,0.0,3.0,5.0,3.0,20.0,V,133-115,fora,ATL,5,12
2022,35.0,11-16,68.8,2-4,50.0,3-5,60.0,10.0,11.0,0.0,1.0,4.0,4.0,27.0,D,124-107,casa,MIN,3,12
2022,31.0,9-14,64.3,1-2,50.0,9-11,81.8,19.0,9.0,1.0,3.0,0.0,4.0,28.0,V,113-107,casa,WSH,1,12
2022,34.0,15-24,62.5,4-6,66.7,1-1,100.0,17.0,8.0,2.0,1.0,3.0,5.0,35.0,V,127-112,fora,SA,6,12
2022,35.0,8-19,42.1,2-8,25.0,4-4,100.0,13.0,10.0,1.0,2.0,3.0,2.0,22.0,D,123-111,fora,SA,4,12
2022,37.0,17-23,73.9,0-3,0.0,5-9,55.6,11.0,11.0,0.0,1.0,2.0,6.0,39.0,V,120-114,fora,NO,3,12
2022,36.0,6-17,35.3,1-5,20.0,4-6,66.7,12.0,15.0,0.0,2.0,2.0,3.0,17.0,D,109-97,fora,CHI,1,12
2022,27.0,14-19,73.7,3-7,42.9,1-1,100.0,11.0,5.0,0.0,0.0,0.0,4.0,32.0,V,113-99,fora,NY,5,12
2022,36.0,7-19,36.8,0-5,0.0,4-5,80.0,15.0,7.0,0.0,1.0,1.0,5.0,18.0,D,108-103,fora,ORL,3,12
2022,33.0,9-14,64.3,1-2,50.0,5-6,83.3,15.0,7.0,0.0,1.0,2.0,1.0,24.0,V,120-111,fora,MIA,1,11
2022,35.0,10-17,58.8,3-4,75.0,7-9,77.8,10.0,7.0,1.0,0.0,3.0,1.0,30.0,D,103-89,casa,PHI,4,11
2022,37.0,15-26,57.7,2-6,33.3,3-6,50.0,16.0,6.0,2.0,0.0,1.0,3.0,35.0,D,111-101,fora,DAL,1,11
2022,28.0,11-17,64.7,3-3,100.0,3-3,100.0,9.0,9.0,0.0,0.0,2.0,3.0,28.0,V,124-95,casa,POR,0,11
2022,35.0,10-22,45.5,1-8,12.5,1-4,25.0,19.0,10.0,0.0,1.0,5.0,2.0,22.0,V,105-96,casa,ATL,5,11
2022,33.0,10-14,71.4,0-0,0.0,5-8,62.5,15.0,10.0,2.0,2.0,3.0,2.0,25.0,V,113-96,casa,MIA,1,11
2022,36.0,9-15,60.0,1-3,33.3,9-11,81.8,14.0,2.0,1.0,2.0,5.0,5.0,28.0,V,95-94,casa,HOU,5,11
2022,35.0,11-20,55.0,2-5,40.0,10-10,100.0,11.0,5.0,0.0,2.0,3.0,2.0,34.0,D,108-106,fora,MEM,3,11
2022,33.0,9-15,60.0,2-6,33.3,3-4,75.0,7.0,7.0,4.0,0.0,2.0,3.0,23.0,D,106-97,fora,MEM,1,11
2022,37.0,10-23,43.5,3-8,37.5,3-4,75.0,19.0,7.0,2.0,1.0,2.0,7.0,26.0,V,93-91,fora,MIN,6,10
2022,25.0,5-9,55.6,1-3,33.3,0-0,0.0,16.0,8.0,0.0,1.0,4.0,1.0,11.0,V,106-75,casa,DAL,5,10
2022,15.0,8-9,88.9,3-3,100.0,5-7,71.4,6.0,6.0,0.0,0.0,1.0,1.0,24.0,D,122-110,fora,UTAH,2,10
2022,35.0,9-15,60.0,1-4,25.0,5-6,83.3,19.0,3.0,0.0,3.0,3.0,6.0,24.0,D,99-87,casa,CLE,1,10
2022,34.0,14-19,73.7,2-2,100.0,2-3,66.7,16.0,7.0,1.0,3.0,4.0,6.0,32.0,V,102-96,casa,SA,5,10
2022,35.0,13-22,59.1,1-6,16.7,0-0,0.0,13.0,2.0,0.0,2.0,3.0,3.0,27.0,V,110-98,fora,PHX,3,10
2023,27.0,2-5,40.0,0-1,0.0,2-2,100.0,10.0,10.0,0.0,2.0,2.0,4.0,6.0,D,118-114,fora,UTAH,5,4
2023,25.0,7-13,53.8,0-2,0.0,0-1,0.0,10.0,4.0,3.0,2.0,1.0,8.0,14.0,D,124-103,fora,HOU,2,4
2023,35.0,8-11,72.7,0-0,0.0,9-11,81.8,17.0,12.0,2.0,0.0,3.0,3.0,25.0,V,116-111,casa,PHI,1,3
2023,32.0,10-20,50.0,1-6,16.7,10-11,90.9,6.0,11.0,0.0,1.0,2.0,3.0,31.0,V,129-106,casa,MIL,6,3
2023,34.0,12-16,75.0,2-3,66.7,5-5,100.0,12.0,7.0,0.0,3.0,1.0,2.0,31.0,V,118-104,fora,WSH,2,3
2023,36.0,9-12,75.0,0-0,0.0,4-4,100.0,17.0,10.0,0.0,2.0,5.0,1.0,22.0,V,108-102,fora,BKN,6,3
2023,37.0,11-18,61.1,1-5,20.0,1-1,100.0,10.0,8.0,1.0,0.0,2.0,6.0,24.0,D,116-110,fora,NY,5,3
2023,33.0,14-18,77.8,0-1,0.0,2-3,66.7,10.0,9.0,1.0,1.0,2.0,1.0,30.0,V,119-100,fora,DET,3,3
2023,35.0,10-13,76.9,0-1,0.0,8-8,100.0,8.0,7.0,0.0,1.0,3.0,4.0,28.0,D,125-110,fora,TOR,1,3
2023,39.0,14-23,60.9,0-1,0.0,7-10,70.0,20.0,11.0,2.0,2.0,2.0,3.0,35.0,D,122-120,casa,BKN,6,3
2023,39.0,14-24,58.3,4-6,66.7,5-6,83.3,11.0,11.0,0.0,3.0,2.0,5.0,37.0,D,128-120,fora,SA,5,3
2023,35.0,7-16,43.8,3-9,33.3,1-4,25.0,12.0,8.0,0.0,0.0,1.0,5.0,18.0,D,117-96,casa,CHI,3,3
2023,36.0,5-8,62.5,1-1,100.0,6-6,100.0,13.0,9.0,1.0,0.0,1.0,4.0,17.0,V,118-113,casa,TOR,1,3
2023,35.0,7-10,70.0,0-0,0.0,4-6,66.7,18.0,10.0,1.0,0.0,5.0,2.0,18.0,V,113-97,casa,MEM,5,3
2023,28.0,7-11,63.6,0-0,0.0,0-1,0.0,11.0,10.0,0.0,0.0,2.0,4.0,14.0,V,133-112,fora,HOU,2,3
2023,42.0,14-21,66.7,0-1,0.0,12-15,80.0,17.0,10.0,0.0,3.0,2.0,1.0,40.0,V,134-124,casa,LAC,0,2
2023,27.0,7-11,63.6,0-0,0.0,1-1,100.0,13.0,3.0,0.0,0.0,1.0,3.0,15.0,D,112-94,fora,MEM,6,2
2023,36.0,8-13,61.5,2-2,100.0,6-6,100.0,18.0,13.0,0.0,2.0,3.0,7.0,24.0,V,115-109,fora,CLE,4,2
2023,20.0,2-4,50.0,0-1,0.0,0-0,0.0,5.0,6.0,0.0,2.0,0.0,2.0,4.0,D,184-175,casa,GIA,0,2
2023,34.0,6-9,66.7,0-0,0.0,2-3,66.7,13.0,10.0,1.0,1.0,2.0,5.0,14.0,V,118-109,casa,DAL,3,2
2023,34.0,12-14,85.7,0-0,0.0,3-3,100.0,12.0,8.0,0.0,0.0,3.0,0.0,27.0,V,112-108,fora,MIA,1,2
2023,34.0,11-22,50.0,0-0,0.0,8-9,88.9,16.0,10.0,2.0,0.0,1.0,4.0,30.0,V,119-105,fora,CHA,6,2
2023,38.0,10-19,52.6,3-5,60.0,6-9,66.7,12.0,6.0,2.0,1.0,3.0,7.0,29.0,D,115-104,fora,ORL,4,2
2023,28.0,8-10,80.0,0-1,0.0,4-5,80.0,12.0,16.0,1.0,1.0,1.0,1.0,20.0,V,146-112,casa,MIN,2,2
2023,34.0,5-8,62.5,0-1,0.0,4-5,80.0,18.0,10.0,2.0,1.0,3.0,5.0,14.0,V,128-108,casa,ATL,6,2
2023,33.0,9-13,69.2,0-0,0.0,4-5,80.0,14.0,16.0,1.0,1.0,0.0,3.0,22.0,V,134-117,casa,GS,4,2
2023,38.0,10-14,71.4,1-3,33.3,5-5,100.0,18.0,15.0,1.0,1.0,2.0,5.0,26.0,V,122-113,casa,NO,2,2
2023,38.0,8-12,66.7,2-2,100.0,6-6,100.0,8.0,9.0,2.0,0.0,2.0,7.0,24.0,D,126-119,fora,PHI,5,1
2023,36.0,11-15,73.3,2-4,50.0,1-2,50.0,11.0,10.0,0.0,1.0,2.0,3.0,25.0,V,99-98,fora,NO,2,1
2023,31.0,12-20,60.0,0-0,0.0,7-7,100.0,11.0,13.0,0.0,1.0,5.0,3.0,31.0,V,122-118,casa,MIN,3,1
2023,34.0,13-14,92.9,1-2,50.0,9-10,90.0,12.0,10.0,1.0,1.0,2.0,4.0,36.0,V,122-113,casa,POR,2,1
2023,35.0,8-11,72.7,1-4,25.0,0-0,0.0,10.0,14.0,1.0,2.0,3.0,4.0,17.0,V,119-116,casa,ORL,0,1
2023,28.0,10-15,66.7,0-0,0.0,1-3,33.3,18.0,9.0,0.0,1.0,3.0,3.0,21.0,V,126-97,casa,PHX,3,1
2023,35.0,5-5,100.0,1-1,100.0,3-3,100.0,11.0,16.0,1.0,1.0,2.0,4.0,14.0,V,122-109,casa,LAL,1,1
2023,35.0,10-17,58.8,3-4,75.0,5-5,100.0,15.0,10.0,0.0,2.0,4.0,4.0,28.0,V,121-108,casa,CLE,5,1
2023,24.0,4-8,50.0,0-1,0.0,4-5,80.0,6.0,9.0,0.0,1.0,0.0,2.0,12.0,V,122-91,casa,LAC,4,1
2023,33.0,10-20,50.0,1-3,33.3,3-4,75.0,7.0,9.0,0.0,2.0,4.0,5.0,24.0,D,124-111,fora,MIN,1,1
2023,32.0,10-13,76.9,2-2,100.0,8-8,100.0,12.0,12.0,0.0,1.0,1.0,0.0,30.0,V,123-111,casa,BOS,0,1
2023,36.0,8-15,53.3,2-3,66.7,1-1,100.0,12.0,12.0,1.0,1.0,3.0,3.0,19.0,V,124-119,casa,MIA,5,12
2023,32.0,15-24,62.5,0-3,0.0,10-10,100.0,7.0,6.0,1.0,1.0,3.0,5.0,40.0,D,127-126,fora,SAC,3,12
2023,37.0,7-10,70.0,0-0,0.0,6-6,100.0,9.0,11.0,0.0,1.0,3.0,0.0,20.0,V,113-106,fora,SAC,2,12
2023,44.0,16-25,64.0,2-4,50.0,7-9,77.8,15.0,15.0,1.0,0.0,4.0,3.0,41.0,V,128-125,casa,PHX,0,12
2023,36.0,12-21,57.1,0-0,0.0,5-8,62.5,8.0,11.0,0.0,2.0,4.0,2.0,29.0,V,120-107,casa,POR,5,12
2023,37.0,6-12,50.0,1-1,100.0,0-1,0.0,13.0,13.0,0.0,2.0,1.0,4.0,13.0,V,105-91,casa,MEM,2,12
2023,40.0,13-26,50.0,2-4,50.0,12-17,70.6,27.0,10.0,0.0,2.0,4.0,5.0,40.0,V,119-115,casa,CHA,0,12
2023,35.0,8-15,53.3,1-3,33.3,8-9,88.9,11.0,8.0,0.0,4.0,3.0,5.0,25.0,D,126-108,fora,LAL,5,12
2023,33.0,17-20,85.0,0-2,0.0,9-10,90.0,14.0,8.0,1.0,5.0,2.0,8.0,43.0,V,141-128,casa,WSH,3,12
2023,35.0,11-20,55.0,1-4,25.0,8-10,80.0,12.0,14.0,4.0,1.0,3.0,3.0,31.0,V,115-110,casa,UTAH,6,12
2023,34.0,14-25,56.0,1-3,33.3,4-6,66.7,10.0,9.0,1.0,0.0,1.0,6.0,33.0,V,121-120,fora,POR,4,12
2023,34.0,7-13,53.8,0-3,0.0,5-6,83.3,8.0,8.0,0.0,1.0,1.0,3.0,19.0,D,116-115,casa,DAL,2,12
2023,37.0,13-19,68.4,1-4,25.0,5-9,55.6,16.0,9.0,1.0,2.0,4.0,4.0,32.0,D,121-106,fora,NO,6,12
2023,35.0,10-15,66.7,3-6,50.0,1-4,25.0,10.0,8.0,0.0,1.0,2.0,2.0,24.0,D,117-109,fora,ATL,5,12
2023,28.0,7-9,77.8,2-3,66.7,1-1,100.0,9.0,12.0,1.0,1.0,5.0,4.0,17.0,V,120-100,casa,HOU,3,12
2023,27.0,11-17,64.7,1-2,50.0,9-10,90.0,12.0,8.0,0.0,0.0,2.0,3.0,32.0,V,129-113,casa,HOU,1,11
2023,32.0,7-13,53.8,0-1,0.0,5-7,71.4,13.0,6.0,1.0,2.0,3.0,2.0,19.0,V,114-104,fora,LAC,5,11
2023,43.0,11-15,73.3,1-3,33.3,16-18,88.9,10.0,9.0,0.0,0.0,5.0,4.0,39.0,V,131-126,fora,OKC,3,11
2023,37.0,12-16,75.0,0-0,0.0,7-11,63.6,9.0,10.0,1.0,1.0,3.0,5.0,31.0,D,110-108,casa,DET,2,11
2023,28.0,4-4,100.0,0-0,0.0,0-0,0.0,6.0,14.0,0.0,3.0,0.0,2.0,8.0,V,126-103,fora,CHI,0,11
2023,30.0,12-20,60.0,2-4,50.0,3-4,75.0,8.0,3.0,0.0,0.0,4.0,2.0,29.0,D,131-112,fora,BOS,5,11
2023,21.0,10-20,50.0,1-3,33.3,3-3,100.0,4.0,6.0,1.0,2.0,5.0,1.0,24.0,V,122-119,fora,IND,3,11
2023,34.0,11-20,55.0,0-1,0.0,4-5,80.0,8.0,10.0,3.0,2.0,2.0,4.0,26.0,V,115-109,fora,SA,1,11
2023,27.0,9-10,90.0,1-1,100.0,2-2,100.0,6.0,10.0,0.0,2.0,2.0,4.0,21.0,V,126-101,casa,SA,6,11
2023,36.0,6-9,66.7,0-0,0.0,3-3,100.0,13.0,14.0,0.0,1.0,3.0,10.0,15.0,V,122-110,fora,OKC,4,11
2023,36.0,8-16,50.0,1-5,20.0,6-7,85.7,14.0,6.0,2.0,0.0,0.0,2.0,23.0,D,121-110,fora,LAL,0,10
2023,25.0,3-10,30.0,0-4,0.0,6-8,75.0,10.0,6.0,1.0,1.0,1.0,1.0,12.0,V,117-101,casa,UTAH,5,10
2023,35.0,12-17,70.6,0-4,0.0,7-7,100.0,13.0,9.0,0.0,4.0,3.0,3.0,31.0,V,110-99,casa,LAL,3,10
2023,27.0,3-4,75.0,0-0,0.0,3-3,100.0,9.0,9.0,0.0,0.0,5.0,1.0,9.0,D,135-110,fora,POR,1,10
2023,39.0,6-10,60.0,1-1,100.0,6-9,66.7,16.0,13.0,1.0,1.0,2.0,3.0,19.0,V,122-117,casa,OKC,6,10
2023,34.0,7-13,53.8,1-2,50.0,11-11,100.0,12.0,10.0,0.0,0.0,4.0,5.0,26.0,V,128-123,fora,GS,5,10
2023,33.0,12-17,70.6,1-3,33.3,2-2,100.0,4.0,6.0,0.0,3.0,4.0,3.0,27.0,D,123-102,fora,UTAH,3,10
